Device,Date,CO,NO2,SO2,O3,rawCO,rawNO2,rawSO2,rawO3,AQI,Temp,Humid,Press,Place
00:A0:50:1A:D6:9E - AirifyW5,28-05-2020 11:00:45,500,245,500,332,2110939,5603123,2171208,5602270,0,19.04,68.0,1007.65,HOME
00:A0:50:1A:D6:9E - AirifyW5,28-05-2020 11:01:06,500,245,500,332,2110939,5603123,2171208,5602270,0,19.04,68.0,1007.65,HOME
00:A0:50:1A:D6:9E - AirifyW5,28-05-2020 11:01:27,455,200,500,227,2006511,5608251,2052200,5610374,500,19.04,68.0,1007.65,HOME
00:A0:50:1A:D6:9E - AirifyW5,28-05-2020 11:01:48,455,200,500,227,2006511,5608251,2052200,5610374,500,19.04,68.0,1007.65,HOME
00:A0:50:1A:D6:9E - AirifyW5,28-05-2020 11:02:09,455,200,500,227,2006511,5608251,2052200,5610374,500,19.04,68.0,1007.65,HOME
00:A0:50:1A:D6:9E - AirifyW5,28-05-2020 11:04:10,324,157,500,124,1912656,5613085,1941339,5614635,500,19.04,68.0,1007.65,HOME
00:A0:50:1A:D6:9E - AirifyW5,28-05-2020 11:04:31,324,157,500,124,1912656,5613085,1941339,5614635,500,19.04,68.0,1007.65,HOME
00:A0:50:1A:D6:9E - AirifyW5,28-05-2020 11:04:52,291,142,500,58,1885697,5614677,1914073,5616263,500,19.04,68.0,1007.65,HOME
00:A0:50:1A:D6:9E - AirifyW5,28-05-2020 11:05:13,291,142,500,58,1885697,5614677,1914073,5616263,500,19.04,68.0,1007.65,HOME
00:A0:50:1A:D6:9E - AirifyW5,28-05-2020 11:05:34,291,142,500,58,1885697,5614677,1914073,5616263,500,19.04,68.0,1007.65,HOME
00:A0:50:1A:D6:9E - AirifyW5,28-05-2020 11:05:55,274,128,500,42,1868106,5616064,1891837,5617201,500,19.04,68.0,1007.65,HOME
00:A0:50:1A:D6:9E - AirifyW5,28-05-2020 11:06:16,274,128,500,42,1868106,5616064,1891837,5617201,500,19.04,68.0,1007.65,HOME
00:A0:50:1A:D6:9E - AirifyW5,28-05-2020 11:06:37,274,128,500,42,1868106,5616064,1891837,5617201,500,19.04,68.0,1007.65,HOME
00:A0:50:1A:D6:9E - AirifyW5,28-05-2020 11:06:58,260,114,500,32,1853049,5617511,1874194,5618021,500,19.04,68.0,1007.65,HOME
00:A0:50:1A:D6:9E - AirifyW5,28-05-2020 11:07:19,260,114,500,32,1853049,5617511,1874194,5618021,500,19.04,68.0,1007.65,HOME
00:A0:50:1A:D6:9E - AirifyW5,28-05-2020 11:07:40,260,114,500,32,1853049,5617511,1874194,5618021,500,19.04,68.0,1007.65,HOME
00:A0:50:1A:D6:9E - AirifyW5,28-05-2020 11:08:01,248,105,500,23,1839928,5618455,1860486,5618844,500,19.04,68.0,1007.65,HOME
00:A0:50:1A:D6:9E - AirifyW5,28-05-2020 11:08:22,248,105,500,23,1839928,5618455,1860486,5618844,500,19.04,68.0,1007.65,HOME
00:A0:50:1A:D6:9E - AirifyW5,28-05-2020 11:08:43,248,105,500,23,1839928,5618455,1860486,5618844,500,19.04,68.0,1007.65,HOME
00:A0:50:1A:D6:9E - AirifyW5,28-05-2020 11:09:04,239,72,500,9,1829560,5619387,1848591,5620008,500,20.0,64.5,1007.62,HOME
00:A0:50:1A:D6:9E - AirifyW5,28-05-2020 11:09:25,239,72,500,9,1829560,5619387,1848591,5620008,500,20.0,64.5,1007.62,HOME
00:A0:50:1A:D6:9E - AirifyW5,28-05-2020 11:09:46,239,72,500,9,1829560,5619387,1848591,5620008,500,20.0,64.5,1007.62,HOME
00:A0:50:1A:D6:9E - AirifyW5,28-05-2020 11:10:07,231,55,500,8,1820941,5619691,1838802,5620136,500,20.0,64.5,1007.62,HOME
00:A0:50:1A:D6:9E - AirifyW5,28-05-2020 11:10:28,231,55,500,8,1820941,5619691,1838802,5620136,500,20.0,64.5,1007.62,HOME
00:A0:50:1A:D6:9E - AirifyW5,28-05-2020 11:10:49,231,55,500,8,1820941,5619691,1838802,5620136,500,20.0,64.5,1007.62,HOME
00:A0:50:1A:D6:9E - AirifyW5,28-05-2020 11:11:10,224,34,500,3,1813677,5620098,1830694,5620543,500,20.0,64.5,1007.62,HOME
00:A0:50:1A:D6:9E - AirifyW5,28-05-2020 11:11:31,224,34,500,3,1813677,5620098,1830694,5620543,500,20.0,64.5,1007.62,HOME
00:A0:50:1A:D6:9E - AirifyW5,28-05-2020 11:11:52,224,34,500,3,1813677,5620098,1830694,5620543,500,20.0,64.5,1007.62,HOME
00:A0:50:1A:D6:9E - AirifyW5,28-05-2020 11:12:13,218,10,500,0,1807556,5620600,1823420,5621191,500,20.0,64.5,1007.62,HOME
00:A0:50:1A:D6:9E - AirifyW5,28-05-2020 11:12:34,218,10,500,0,1807556,5620600,1823420,5621191,500,20.0,64.5,1007.62,HOME
00:A0:50:1A:D6:9E - AirifyW5,28-05-2020 11:12:56,218,10,500,0,1807556,5620600,1823420,5621191,500,20.0,64.5,1007.62,HOME
00:A0:50:1A:D6:9E - AirifyW5,28-05-2020 11:13:17,213,0,500,0,1801825,5620990,1817001,5621159,500,20.0,64.5,1007.62,HOME
00:A0:50:1A:D6:9E - AirifyW5,28-05-2020 11:13:38,213,0,500,0,1801825,5620990,1817001,5621159,500,20.0,64.5,1007.62,HOME
00:A0:50:1A:D6:9E - AirifyW5,28-05-2020 11:13:59,213,0,500,0,1801825,5620990,1817001,5621159,500,20.0,64.5,1007.62,HOME
00:A0:50:1A:D6:9E - AirifyW5,28-05-2020 11:14:20,208,0,500,0,1796762,5621678,1810835,5621372,500,20.0,64.5,1007.62,HOME
00:A0:50:1A:D6:9E - AirifyW5,28-05-2020 11:14:41,208,0,500,0,1796762,5621678,1810835,5621372,500,20.0,64.5,1007.62,HOME
00:A0:50:1A:D6:9E - AirifyW5,28-05-2020 11:15:02,208,0,500,0,1796762,5621678,1810835,5621372,500,20.0,64.5,1007.62,HOME
00:A0:50:1A:D6:9E - AirifyW5,28-05-2020 11:15:23,204,0,500,0,1792413,5621910,1806733,5621753,500,20.0,64.5,1007.62,HOME
00:A0:50:1A:D6:9E - AirifyW5,28-05-2020 11:15:44,204,0,500,0,1792413,5621910,1806733,5621753,500,20.0,64.5,1007.62,HOME
00:A0:50:1A:D6:9E - AirifyW5,28-05-2020 11:16:05,204,0,500,0,1792413,5621910,1806733,5621753,500,20.0,64.5,1007.62,HOME
00:A0:50:1A:D6:9E - AirifyW5,28-05-2020 11:16:26,200,0,500,0,1788345,5621928,1801981,5622062,500,20.0,64.5,1007.62,HOME
00:A0:50:1A:D6:9E - AirifyW5,28-05-2020 11:16:47,200,0,500,0,1788345,5621928,1801981,5622062,500,20.0,64.5,1007.62,HOME
00:A0:50:1A:D6:9E - AirifyW5,28-05-2020 11:17:08,200,0,500,0,1788345,5621928,1801981,5622062,500,20.0,64.5,1007.62,HOME
00:A0:50:1A:D6:9E - AirifyW5,28-05-2020 11:17:29,200,0,500,0,1788345,5621928,1801981,5622062,500,20.0,64.5,1007.62,HOME
00:A0:50:1A:D6:9E - AirifyW5,28-05-2020 11:17:50,200,0,500,0,1788345,5621928,1801981,5622062,500,20.0,64.5,1007.62,HOME
00:A0:50:1A:D6:9E - AirifyW5,28-05-2020 11:18:11,200,0,500,0,1788345,5621928,1801981,5622062,500,20.0,64.5,1007.62,HOME
00:A0:50:1A:D6:9E - AirifyW5,28-05-2020 11:18:32,142,0,500,0,1763443,5623362,1773030,5623491,500,20.35,63.0,1007.59,HOME
00:A0:50:1A:D6:9E - AirifyW5,28-05-2020 11:18:53,142,0,500,0,1763443,5623362,1773030,5623491,500,20.35,63.0,1007.59,HOME
00:A0:50:1A:D6:9E - AirifyW5,28-05-2020 11:19:14,142,0,500,0,1763443,5623362,1773030,5623491,500,20.35,63.0,1007.59,HOME
00:A0:50:1A:D6:9E - AirifyW5,28-05-2020 11:19:35,116,0,500,0,1752151,5624178,1760136,5624034,500,20.35,63.0,1007.59,HOME
00:A0:50:1A:D6:9E - AirifyW5,28-05-2020 11:19:56,116,0,500,0,1752151,5624178,1760136,5624034,500,20.35,63.0,1007.59,HOME
00:A0:50:1A:D6:9E - AirifyW5,28-05-2020 11:20:17,116,0,500,0,1752151,5624178,1760136,5624034,500,20.35,63.0,1007.59,HOME
00:A0:50:1A:D6:9E - AirifyW5,28-05-2020 11:20:38,100,0,500,0,1745037,5624562,1752355,5624421,500,20.35,63.0,1007.59,HOME
00:A0:50:1A:D6:9E - AirifyW5,28-05-2020 11:20:59,100,0,500,0,1745037,5624562,1752355,5624421,500,20.35,63.0,1007.59,HOME
00:A0:50:1A:D6:9E - AirifyW5,28-05-2020 11:21:20,100,0,500,0,1745037,5624562,1752355,5624421,500,20.35,63.0,1007.59,HOME
00:A0:50:1A:D6:9E - AirifyW5,28-05-2020 11:21:41,92,0,500,0,1739485,5625233,1746225,5624162,500,20.35,63.0,1007.59,HOME
00:A0:50:1A:D6:9E - AirifyW5,28-05-2020 11:22:02,92,0,500,0,1739485,5625233,1746225,5624162,500,20.35,63.0,1007.59,HOME
00:A0:50:1A:D6:9E - AirifyW5,28-05-2020 11:22:23,92,0,500,0,1739485,5625233,1746225,5624162,500,20.35,63.0,1007.59,HOME
00:A0:50:1A:D6:9E - AirifyW5,28-05-2020 11:22:44,86,0,500,0,1735290,5625575,1740853,5624174,500,20.35,63.0,1007.59,HOME
00:A0:50:1A:D6:9E - AirifyW5,28-05-2020 11:23:05,86,0,500,0,1735290,5625575,1740853,5624174,500,20.35,63.0,1007.59,HOME
00:A0:50:1A:D6:9E - AirifyW5,28-05-2020 11:23:26,86,0,500,0,1735290,5625575,1740853,5624174,500,20.35,63.0,1007.59,HOME
00:A0:50:1A:D6:9E - AirifyW5,28-05-2020 11:23:48,80,0,500,0,1730948,5625877,1736689,5624112,500,20.35,63.0,1007.59,HOME
00:A0:50:1A:D6:9E - AirifyW5,28-05-2020 11:24:09,80,0,500,0,1730948,5625877,1736689,5624112,500,20.35,63.0,1007.59,HOME
00:A0:50:1A:D6:9E - AirifyW5,28-05-2020 11:24:30,80,0,500,0,1730948,5625877,1736689,5624112,500,20.35,63.0,1007.59,HOME
00:A0:50:1A:D6:9E - AirifyW5,28-05-2020 11:24:51,76,0,500,0,1728048,5625943,1734063,5624482,500,20.35,63.0,1007.59,HOME
00:A0:50:1A:D6:9E - AirifyW5,28-05-2020 11:25:12,76,0,500,0,1728048,5625943,1734063,5624482,500,20.35,63.0,1007.59,HOME
00:A0:50:1A:D6:9E - AirifyW5,28-05-2020 11:25:33,76,0,500,0,1728048,5625943,1734063,5624482,500,20.35,63.0,1007.59,HOME
00:A0:50:1A:D6:9E - AirifyW5,28-05-2020 11:25:54,72,0,500,0,1725247,5625820,1730934,5624606,500,20.35,63.0,1007.59,HOME
00:A0:50:1A:D6:9E - AirifyW5,28-05-2020 11:26:15,72,0,500,0,1725247,5625820,1730934,5624606,500,20.35,63.0,1007.59,HOME
00:A0:50:1A:D6:9E - AirifyW5,28-05-2020 11:26:36,72,0,500,0,1725247,5625820,1730934,5624606,500,20.35,63.0,1007.59,HOME
00:A0:50:1A:D6:9E - AirifyW5,28-05-2020 11:26:57,72,0,500,0,1725247,5625820,1730934,5624606,500,20.35,63.0,1007.59,HOME
00:A0:50:1A:D6:9E - AirifyW5,28-05-2020 11:27:18,70,0,500,0,1723365,5625988,1728516,5624172,500,20.35,63.0,1007.59,HOME
00:A0:50:1A:D6:9E - AirifyW5,28-05-2020 11:27:39,70,0,500,0,1723365,5625988,1728516,5624172,500,20.35,63.0,1007.59,HOME
00:A0:50:1A:D6:9E - AirifyW5,28-05-2020 11:28:00,70,0,500,0,1723365,5625988,1728516,5624172,500,20.35,63.0,1007.59,HOME
00:A0:50:1A:D6:9E - AirifyW5,28-05-2020 11:28:21,67,0,500,0,1721434,5626601,1726300,5624247,500,20.37,62.75,1007.55,HOME
00:A0:50:1A:D6:9E - AirifyW5,28-05-2020 11:28:42,67,0,500,0,1721434,5626601,1726300,5624247,500,20.37,62.75,1007.55,HOME
00:A0:50:1A:D6:9E - AirifyW5,28-05-2020 11:29:03,67,0,500,0,1721434,5626601,1726300,5624247,500,20.37,62.75,1007.55,HOME
00:A0:50:1A:D6:9E - AirifyW5,28-05-2020 11:29:24,64,0,500,0,1719306,5626678,1724107,5624400,500,20.37,62.75,1007.55,HOME
00:A0:50:1A:D6:9E - AirifyW5,28-05-2020 11:29:45,64,0,500,0,1719306,5626678,1724107,5624400,500,20.37,62.75,1007.55,HOME
00:A0:50:1A:D6:9E - AirifyW5,28-05-2020 11:30:06,64,0,500,0,1719306,5626678,1724107,5624400,500,20.37,62.75,1007.55,HOME
00:A0:50:1A:D6:9E - AirifyW5,28-05-2020 11:30:27,61,0,500,0,1717467,5626567,1721977,5623928,500,20.37,62.75,1007.55,HOME
00:A0:50:1A:D6:9E - AirifyW5,28-05-2020 11:30:48,61,0,500,0,1717467,5626567,1721977,5623928,500,20.37,62.75,1007.55,HOME
00:A0:50:1A:D6:9E - AirifyW5,28-05-2020 11:31:09,61,0,500,0,1717467,5626567,1721977,5623928,500,20.37,62.75,1007.55,HOME
00:A0:50:1A:D6:9E - AirifyW5,28-05-2020 11:31:30,59,0,479,0,1716064,5626592,1719894,5623820,479,20.37,62.75,1007.55,HOME
00:A0:50:1A:D6:9E - AirifyW5,28-05-2020 11:31:51,59,0,479,0,1716064,5626592,1719894,5623820,479,20.37,62.75,1007.55,HOME
00:A0:50:1A:D6:9E - AirifyW5,28-05-2020 11:32:12,59,0,479,0,1716064,5626592,1719894,5623820,479,20.37,62.75,1007.55,HOME
00:A0:50:1A:D6:9E - AirifyW5,28-05-2020 11:32:33,57,0,469,0,1714697,5626461,1719018,5623765,469,20.37,62.75,1007.55,HOME
00:A0:50:1A:D6:9E - AirifyW5,28-05-2020 11:32:54,57,0,469,0,1714697,5626461,1719018,5623765,469,20.37,62.75,1007.55,HOME
00:A0:50:1A:D6:9E - AirifyW5,28-05-2020 11:33:15,57,0,469,0,1714697,5626461,1719018,5623765,469,20.37,62.75,1007.55,HOME
00:A0:50:1A:D6:9E - AirifyW5,28-05-2020 11:33:36,55,0,438,0,1713161,5626764,1716273,5623588,438,20.37,62.75,1007.55,HOME
00:A0:50:1A:D6:9E - AirifyW5,28-05-2020 11:33:57,55,0,438,0,1713161,5626764,1716273,5623588,438,20.37,62.75,1007.55,HOME
00:A0:50:1A:D6:9E - AirifyW5,28-05-2020 11:34:18,55,0,438,0,1713161,5626764,1716273,5623588,438,20.37,62.75,1007.55,HOME
00:A0:50:1A:D6:9E - AirifyW5,28-05-2020 11:34:39,53,0,424,0,1711851,5627200,1715101,5623844,424,20.37,62.75,1007.55,HOME
00:A0:50:1A:D6:9E - AirifyW5,28-05-2020 11:35:01,53,0,424,0,1711851,5627200,1715101,5623844,424,20.37,62.75,1007.55,HOME
00:A0:50:1A:D6:9E - AirifyW5,28-05-2020 11:35:22,53,0,424,0,1711851,5627200,1715101,5623844,424,20.37,62.75,1007.55,HOME
00:A0:50:1A:D6:9E - AirifyW5,28-05-2020 11:35:43,53,0,424,0,1711851,5627200,1715101,5623844,424,20.37,62.75,1007.55,HOME
00:A0:50:1A:D6:9E - AirifyW5,28-05-2020 11:36:04,53,0,424,0,1711851,5627200,1715101,5623844,424,20.37,62.75,1007.55,HOME
00:A0:50:1A:D6:9E - AirifyW5,28-05-2020 11:36:25,53,0,424,0,1711851,5627200,1715101,5623844,424,20.37,62.75,1007.55,HOME
00:A0:50:1A:D6:9E - AirifyW5,28-05-2020 11:36:46,52,0,423,0,1711068,5627051,1714970,5623765,423,20.37,62.75,1007.55,HOME
00:A0:50:1A:D6:9E - AirifyW5,28-05-2020 11:37:07,52,0,423,0,1711068,5627051,1714970,5623765,423,20.37,62.75,1007.55,HOME
00:A0:50:1A:D6:9E - AirifyW5,28-05-2020 11:37:28,52,0,423,0,1711068,5627051,1714970,5623765,423,20.37,62.75,1007.55,HOME
00:A0:50:1A:D6:9E - AirifyW5,28-05-2020 11:37:49,51,0,407,0,1710336,5627034,1713629,5623465,407,20.33,62.6,1007.52,HOME
00:A0:50:1A:D6:9E - AirifyW5,28-05-2020 11:38:10,51,0,407,0,1710336,5627034,1713629,5623465,407,20.33,62.6,1007.52,HOME
00:A0:50:1A:D6:9E - AirifyW5,28-05-2020 11:38:31,51,0,407,0,1710336,5627034,1713629,5623465,407,20.33,62.6,1007.52,HOME
00:A0:50:1A:D6:9E - AirifyW5,28-05-2020 11:38:52,49,0,403,0,1708961,5627288,1713211,5623271,403,20.33,62.6,1007.52,HOME
00:A0:50:1A:D6:9E - AirifyW5,28-05-2020 11:39:13,49,0,403,0,1708961,5627288,1713211,5623271,403,20.33,62.6,1007.52,HOME
00:A0:50:1A:D6:9E - AirifyW5,28-05-2020 11:39:34,49,0,403,0,1708961,5627288,1713211,5623271,403,20.33,62.6,1007.52,HOME
00:A0:50:1A:D6:9E - AirifyW5,28-05-2020 11:39:55,48,0,397,0,1708300,5627070,1712712,5623764,397,20.33,62.6,1007.52,HOME
00:A0:50:1A:D6:9E - AirifyW5,28-05-2020 11:40:16,48,0,397,0,1708300,5627070,1712712,5623764,397,20.33,62.6,1007.52,HOME
00:A0:50:1A:D6:9E - AirifyW5,28-05-2020 11:40:37,48,0,397,0,1708300,5627070,1712712,5623764,397,20.33,62.6,1007.52,HOME
00:A0:50:1A:D6:9E - AirifyW5,28-05-2020 11:40:58,48,0,386,0,1708175,5627319,1711747,5624202,386,20.33,62.6,1007.52,HOME
00:A0:50:1A:D6:9E - AirifyW5,28-05-2020 11:41:19,48,0,386,0,1708175,5627319,1711747,5624202,386,20.33,62.6,1007.52,HOME
00:A0:50:1A:D6:9E - AirifyW5,28-05-2020 11:41:40,48,0,386,0,1708175,5627319,1711747,5624202,386,20.33,62.6,1007.52,HOME
00:A0:50:1A:D6:9E - AirifyW5,28-05-2020 11:42:01,47,0,385,0,1707666,5627453,1711636,5624296,385,20.33,62.6,1007.52,HOME
00:A0:50:1A:D6:9E - AirifyW5,28-05-2020 11:42:22,47,0,385,0,1707666,5627453,1711636,5624296,385,20.33,62.6,1007.52,HOME
00:A0:50:1A:D6:9E - AirifyW5,28-05-2020 11:42:43,47,0,385,0,1707666,5627453,1711636,5624296,385,20.33,62.6,1007.52,HOME
00:A0:50:1A:D6:9E - AirifyW5,28-05-2020 11:43:04,46,0,373,0,1706987,5627301,1710613,5623918,373,20.33,62.6,1007.52,HOME
00:A0:50:1A:D6:9E - AirifyW5,28-05-2020 11:43:25,46,0,373,0,1706987,5627301,1710613,5623918,373,20.33,62.6,1007.52,HOME
00:A0:50:1A:D6:9E - AirifyW5,28-05-2020 11:43:46,46,0,373,0,1706987,5627301,1710613,5623918,373,20.33,62.6,1007.52,HOME
00:A0:50:1A:D6:9E - AirifyW5,28-05-2020 11:44:07,46,0,369,0,1707013,5627305,1710294,5623649,369,20.33,62.6,1007.52,HOME
00:A0:50:1A:D6:9E - AirifyW5,28-05-2020 11:44:28,46,0,369,0,1707013,5627305,1710294,5623649,369,20.33,62.6,1007.52,HOME
00:A0:50:1A:D6:9E - AirifyW5,28-05-2020 11:44:49,46,0,369,0,1707013,5627305,1710294,5623649,369,20.33,62.6,1007.52,HOME
00:A0:50:1A:D6:9E - AirifyW5,28-05-2020 11:45:11,45,0,360,0,1706125,5627206,1709460,5623340,360,20.33,62.6,1007.52,HOME
00:A0:50:1A:D6:9E - AirifyW5,28-05-2020 11:45:32,45,0,360,0,1706125,5627206,1709460,5623340,360,20.33,62.6,1007.52,HOME
00:A0:50:1A:D6:9E - AirifyW5,28-05-2020 11:45:53,45,0,360,0,1706125,5627206,1709460,5623340,360,20.33,62.6,1007.52,HOME
00:A0:50:1A:D6:9E - AirifyW5,28-05-2020 11:46:14,44,0,349,0,1705445,5626739,1708502,5623783,349,20.33,62.6,1007.52,HOME
00:A0:50:1A:D6:9E - AirifyW5,28-05-2020 11:46:35,44,0,349,0,1705445,5626739,1708502,5623783,349,20.33,62.6,1007.52,HOME
00:A0:50:1A:D6:9E - AirifyW5,28-05-2020 12:05:34,28,0,228,21,1695617,5623387,1694776,5618997,228,20.02,63.0,1007.06,HOME
00:A0:50:1A:D6:9E - AirifyW5,28-05-2020 12:05:55,28,0,243,0,1695308,5624822,1696756,5622538,243,20.02,63.0,1007.06,HOME
00:A0:50:1A:D6:9E - AirifyW5,28-05-2020 12:06:16,28,0,243,0,1695308,5624822,1696756,5622538,243,20.02,63.0,1007.06,HOME
00:A0:50:1A:D6:9E - AirifyW5,28-05-2020 12:06:37,28,0,243,0,1695308,5624822,1696756,5622538,243,20.02,63.0,1007.06,HOME
00:A0:50:1A:D6:9E - AirifyW5,28-05-2020 12:06:58,30,0,243,0,1696888,5626554,1696711,5623930,243,20.02,63.0,1007.06,HOME
00:A0:50:1A:D6:9E - AirifyW5,28-05-2020 12:07:19,30,0,243,0,1696888,5626554,1696711,5623930,243,20.02,63.0,1007.06,HOME
00:A0:50:1A:D6:9E - AirifyW5,28-05-2020 12:07:40,30,0,243,0,1696888,5626554,1696711,5623930,243,20.02,63.0,1007.06,HOME
00:A0:50:1A:D6:9E - AirifyW5,28-05-2020 12:08:01,31,0,247,0,1697378,5627526,1697231,5622010,247,20.02,63.0,1007.06,HOME
00:A0:50:1A:D6:9E - AirifyW5,28-05-2020 12:08:22,31,0,247,0,1697378,5627526,1697231,5622010,247,20.02,63.0,1007.06,HOME
00:A0:50:1A:D6:9E - AirifyW5,28-05-2020 12:08:43,31,0,247,0,1697378,5627526,1697231,5622010,247,20.02,63.0,1007.06,HOME
00:A0:50:1A:D6:9E - AirifyW5,28-05-2020 12:09:04,31,0,249,0,1697239,5627239,1697548,5623103,249,20.02,63.0,1007.06,HOME
00:A0:50:1A:D6:9E - AirifyW5,28-05-2020 12:09:25,31,0,249,0,1697239,5627239,1697548,5623103,249,20.02,63.0,1007.06,HOME
00:A0:50:1A:D6:9E - AirifyW5,28-05-2020 12:09:46,31,0,249,0,1697239,5627239,1697548,5623103,249,20.02,63.0,1007.06,HOME
00:A0:50:1A:D6:9E - AirifyW5,28-05-2020 12:10:07,31,0,247,0,1697616,5627729,1697318,5624033,247,20.02,63.0,1007.06,HOME
00:A0:50:1A:D6:9E - AirifyW5,28-05-2020 12:10:29,31,0,247,0,1697616,5627729,1697318,5624033,247,20.02,63.0,1007.06,HOME
00:A0:50:1A:D6:9E - AirifyW5,28-05-2020 12:10:50,31,0,247,0,1697616,5627729,1697318,5624033,247,20.02,63.0,1007.06,HOME
00:A0:50:1A:D6:9E - AirifyW5,28-05-2020 12:11:11,31,0,265,0,1697132,5627437,1699656,5623642,265,20.02,63.0,1007.06,HOME
00:A0:50:1A:D6:9E - AirifyW5,28-05-2020 12:11:32,31,0,265,0,1697132,5627437,1699656,5623642,265,20.02,63.0,1007.06,HOME
00:A0:50:1A:D6:9E - AirifyW5,28-05-2020 12:11:53,31,0,265,0,1697132,5627437,1699656,5623642,265,20.02,63.0,1007.06,HOME
00:A0:50:1A:D6:9E - AirifyW5,28-05-2020 12:12:14,31,0,265,0,1697132,5627437,1699656,5623642,265,20.02,63.0,1007.06,HOME
00:A0:50:1A:D6:9E - AirifyW5,28-05-2020 12:12:35,31,0,265,0,1697132,5627437,1699656,5623642,265,20.02,63.0,1007.06,HOME
00:A0:50:1A:D6:9E - AirifyW5,28-05-2020 12:12:56,31,0,265,0,1697132,5627437,1699656,5623642,265,20.02,63.0,1007.06,HOME
00:A0:50:1A:D6:9E - AirifyW5,28-05-2020 12:13:17,30,0,265,0,1697028,5627434,1699651,5624049,265,19.99,62.5,1007.06,HOME
00:A0:50:1A:D6:9E - AirifyW5,28-05-2020 12:13:38,30,0,265,0,1697028,5627434,1699651,5624049,265,19.99,62.5,1007.06,HOME
00:A0:50:1A:D6:9E - AirifyW5,28-05-2020 12:13:59,30,0,265,0,1697028,5627434,1699651,5624049,265,19.99,62.5,1007.06,HOME
00:A0:50:1A:D6:9E - AirifyW5,28-05-2020 12:14:20,29,0,265,0,1696218,5626927,1699646,5623874,265,19.99,62.5,1007.06,HOME
00:A0:50:1A:D6:9E - AirifyW5,28-05-2020 12:14:41,29,0,265,0,1696218,5626927,1699646,5623874,265,19.99,62.5,1007.06,HOME
00:A0:50:1A:D6:9E - AirifyW5,28-05-2020 12:15:02,29,0,265,0,1696218,5626927,1699646,5623874,265,19.99,62.5,1007.06,HOME
00:A0:50:1A:D6:9E - AirifyW5,28-05-2020 12:15:23,29,0,265,0,1696218,5626927,1699646,5623874,265,19.99,62.5,1007.06,HOME
00:A0:50:1A:D6:9E - AirifyW5,28-05-2020 12:15:44,29,0,265,0,1696341,5626917,1699629,5624357,265,19.99,62.5,1007.06,HOME
00:A0:50:1A:D6:9E - AirifyW5,28-05-2020 12:16:06,29,0,265,0,1696341,5626917,1699629,5624357,265,19.99,62.5,1007.06,HOME
00:A0:50:1A:D6:9E - AirifyW5,28-05-2020 12:19:23,29,0,261,0,1695988,5626456,1699092,5624276,261,19.99,62.5,1007.06,HOME
00:A0:50:1A:D6:9E - AirifyW5,28-05-2020 12:29:12,27,0,255,0,1694777,5626765,1698374,5623709,255,19.93,62.33,1007.03,HOME
00:A0:50:1A:D6:9E - AirifyW5,28-05-2020 12:29:33,26,0,249,0,1694467,5626578,1697552,5623781,249,19.93,62.33,1007.03,HOME
00:A0:50:1A:D6:9E - AirifyW5,28-05-2020 12:29:54,26,0,249,0,1694467,5626578,1697552,5623781,249,19.93,62.33,1007.03,HOME
00:A0:50:1A:D6:9E - AirifyW5,28-05-2020 12:30:15,26,0,249,0,1694467,5626578,1697552,5623781,249,19.93,62.33,1007.03,HOME
00:A0:50:1A:D6:9E - AirifyW5,28-05-2020 12:30:36,26,0,249,0,1694467,5626578,1697552,5623781,249,19.93,62.33,1007.03,HOME
00:A0:50:1A:D6:9E - AirifyW5,28-05-2020 12:30:57,26,0,249,0,1694467,5626578,1697552,5623781,249,19.93,62.33,1007.03,HOME
00:A0:50:1A:D6:9E - AirifyW5,28-05-2020 12:31:18,26,0,249,0,1694467,5626578,1697552,5623781,249,19.93,62.33,1007.03,HOME
00:A0:50:1A:D6:9E - AirifyW5,28-05-2020 12:31:39,26,0,249,0,1694491,5626359,1697515,5623827,249,19.93,62.33,1007.03,HOME
00:A0:50:1A:D6:9E - AirifyW5,28-05-2020 12:32:00,26,0,249,0,1694491,5626359,1697515,5623827,249,19.93,62.33,1007.03,HOME
00:A0:50:1A:D6:9E - AirifyW5,28-05-2020 12:32:21,26,0,249,0,1694491,5626359,1697515,5623827,249,19.93,62.33,1007.03,HOME
00:A0:50:1A:D6:9E - AirifyW5,28-05-2020 12:32:42,27,0,250,0,1694975,5626966,1697641,5623905,250,19.92,62.25,1006.99,HOME
00:A0:50:1A:D6:9E - AirifyW5,28-05-2020 12:33:03,27,0,250,0,1694975,5626966,1697641,5623905,250,19.92,62.25,1006.99,HOME
00:A0:50:1A:D6:9E - AirifyW5,28-05-2020 12:33:24,27,0,250,0,1694975,5626966,1697641,5623905,250,19.92,62.25,1006.99,HOME
00:A0:50:1A:D6:9E - AirifyW5,28-05-2020 12:33:46,27,0,251,0,1694862,5626692,1697737,5623698,251,19.92,62.25,1006.99,HOME
00:A0:50:1A:D6:9E - AirifyW5,28-05-2020 12:34:06,27,0,251,0,1694862,5626692,1697737,5623698,251,19.92,62.25,1006.99,HOME
00:A0:50:1A:D6:9E - AirifyW5,28-05-2020 12:34:28,27,0,251,0,1694862,5626692,1697737,5623698,251,19.92,62.25,1006.99,HOME
00:A0:50:1A:D6:9E - AirifyW5,28-05-2020 12:37:56,27,0,253,0,1694604,5627845,1698028,5623477,253,19.92,62.25,1006.99,HOME
00:A0:50:1A:D6:9E - AirifyW5,28-05-2020 12:38:17,27,0,253,0,1694604,5627845,1698028,5623477,253,19.92,62.25,1006.99,HOME
00:A0:50:1A:D6:9E - AirifyW5,28-05-2020 12:38:38,27,0,253,0,1694604,5627845,1698028,5623477,253,19.92,62.25,1006.99,HOME
00:A0:50:1A:D6:9E - AirifyW5,28-05-2020 12:38:59,27,0,252,0,1694880,5627790,1697871,5623729,252,19.92,62.25,1006.99,HOME
00:A0:50:1A:D6:9E - AirifyW5,28-05-2020 12:39:20,27,0,252,0,1694880,5627790,1697871,5623729,252,19.92,62.25,1006.99,HOME
00:A0:50:1A:D6:9E - AirifyW5,28-05-2020 12:39:41,27,0,252,0,1694880,5627790,1697871,5623729,252,19.92,62.25,1006.99,HOME
00:A0:50:1A:D6:9E - AirifyW5,28-05-2020 12:40:02,26,0,248,0,1694419,5627480,1697432,5623865,248,19.92,62.25,1006.99,HOME
00:A0:50:1A:D6:9E - AirifyW5,28-05-2020 12:40:23,26,0,248,0,1694419,5627480,1697432,5623865,248,19.92,62.25,1006.99,HOME
00:A0:50:1A:D6:9E - AirifyW5,28-05-2020 12:40:44,26,0,248,0,1694419,5627480,1697432,5623865,248,19.92,62.25,1006.99,HOME
00:A0:50:1A:D6:9E - AirifyW5,28-05-2020 12:52:25,21,0,250,0,1691274,5626485,1697697,5623353,250,19.91,62.33,1006.9,HOME
00:A0:50:1A:D6:9E - AirifyW5,28-05-2020 12:52:46,21,0,251,0,1691286,5626400,1697784,5623118,251,19.91,62.33,1006.9,HOME
00:A0:50:1A:D6:9E - AirifyW5,28-05-2020 12:53:07,21,0,251,0,1691286,5626400,1697784,5623118,251,19.91,62.33,1006.9,HOME
00:A0:50:1A:D6:9E - AirifyW5,28-05-2020 12:56:35,21,0,247,0,1690953,5626250,1697212,5623725,247,19.91,62.33,1006.9,HOME
00:A0:50:1A:D6:9E - AirifyW5,28-05-2020 12:56:56,21,0,247,0,1690953,5626250,1697212,5623725,247,19.91,62.33,1006.9,HOME
00:A0:50:1A:D6:9E - AirifyW5,28-05-2020 12:57:17,21,0,248,0,1690791,5626224,1697405,5623694,248,19.91,62.33,1006.9,HOME
00:A0:50:1A:D6:9E - AirifyW5,28-05-2020 12:57:38,21,0,248,0,1690791,5626224,1697405,5623694,248,19.91,62.33,1006.9,HOME
00:A0:50:1A:D6:9E - AirifyW5,28-05-2020 12:57:59,21,0,248,0,1690791,5626224,1697405,5623694,248,19.91,62.33,1006.9,HOME
00:A0:50:1A:D6:9E - AirifyW5,28-05-2020 12:58:21,20,0,249,0,1690631,5626815,1697515,5623794,249,19.91,62.33,1006.9,HOME
00:A0:50:1A:D6:9E - AirifyW5,28-05-2020 12:58:42,20,0,249,0,1690631,5626815,1697515,5623794,249,19.91,62.33,1006.9,HOME
00:A0:50:1A:D6:9E - AirifyW5,28-05-2020 12:59:03,20,0,249,0,1690631,5626815,1697515,5623794,249,19.91,62.33,1006.9,HOME
00:A0:50:1A:D6:9E - AirifyW5,28-05-2020 01:09:36,23,0,236,0,1692313,5627250,1695790,5626134,236,19.89,62.28,1006.83,HOME
00:A0:50:1A:D6:9E - AirifyW5,28-05-2020 01:09:57,22,0,232,0,1691998,5627307,1695233,5626220,232,19.89,62.28,1006.83,HOME
00:A0:50:1A:D6:9E - AirifyW5,28-05-2020 01:10:18,22,0,232,0,1691998,5627307,1695233,5626220,232,19.89,62.28,1006.83,HOME
00:A0:50:1A:D6:9E - AirifyW5,28-05-2020 01:10:39,22,0,232,0,1691998,5627307,1695233,5626220,232,19.89,62.28,1006.83,HOME
00:A0:50:1A:D6:9E - AirifyW5,28-05-2020 01:11:00,21,0,234,0,1691387,5627235,1695574,5626355,234,19.89,62.28,1006.83,HOME
00:A0:50:1A:D6:9E - AirifyW5,28-05-2020 01:11:21,21,0,234,0,1691387,5627235,1695574,5626355,234,19.89,62.28,1006.83,HOME
00:A0:50:1A:D6:9E - AirifyW5,28-05-2020 01:11:42,21,0,234,0,1691387,5627235,1695574,5626355,234,19.89,62.28,1006.83,HOME
00:A0:50:1A:D6:9E - AirifyW5,28-05-2020 01:12:03,21,0,238,0,1690849,5627296,1696102,5626231,238,19.89,62.28,1006.83,HOME
00:A0:50:1A:D6:9E - AirifyW5,28-05-2020 01:12:24,21,0,238,0,1690849,5627296,1696102,5626231,238,19.89,62.28,1006.83,HOME
00:A0:50:1A:D6:9E - AirifyW5,28-05-2020 01:12:45,21,0,238,0,1690849,5627296,1696102,5626231,238,19.89,62.28,1006.83,HOME
00:A0:50:1A:D6:9E - AirifyW5,28-05-2020 01:13:06,21,0,239,0,1691095,5627241,1696243,5625938,239,19.89,62.28,1006.83,HOME
00:A0:50:1A:D6:9E - AirifyW5,28-05-2020 01:13:27,21,0,239,0,1691095,5627241,1696243,5625938,239,19.89,62.28,1006.83,HOME
00:A0:50:1A:D6:9E - AirifyW5,28-05-2020 01:13:48,21,0,239,0,1691095,5627241,1696243,5625938,239,19.89,62.28,1006.83,HOME
00:A0:50:1A:D6:9E - AirifyW5,28-05-2020 01:14:09,21,0,242,0,1691252,5627141,1696539,5625689,242,19.89,62.28,1006.83,HOME
00:A0:50:1A:D6:9E - AirifyW5,28-05-2020 01:14:31,21,0,242,0,1691252,5627141,1696539,5625689,242,19.89,62.28,1006.83,HOME
00:A0:50:1A:D6:9E - AirifyW5,28-05-2020 01:14:52,21,0,242,0,1691252,5627141,1696539,5625689,242,19.89,62.28,1006.83,HOME
00:A0:50:1A:D6:9E - AirifyW5,28-05-2020 01:15:13,21,0,241,0,1691406,5627280,1696476,5625547,241,19.89,62.28,1006.83,HOME
00:A0:50:1A:D6:9E - AirifyW5,28-05-2020 01:15:34,21,0,241,0,1691406,5627280,1696476,5625547,241,19.89,62.28,1006.83,HOME
00:A0:50:1A:D6:9E - AirifyW5,28-05-2020 01:15:55,21,0,241,0,1691406,5627280,1696476,5625547,241,19.89,62.28,1006.83,HOME
00:A0:50:1A:D6:9E - AirifyW5,28-05-2020 01:16:16,22,0,243,0,1691527,5627255,1696766,5625168,243,19.89,62.28,1006.83,HOME
00:A0:50:1A:D6:9E - AirifyW5,28-05-2020 01:16:37,22,0,243,0,1691527,5627255,1696766,5625168,243,19.89,62.28,1006.83,HOME
00:A0:50:1A:D6:9E - AirifyW5,28-05-2020 01:16:58,22,0,243,0,1691527,5627255,1696766,5625168,243,19.89,62.28,1006.83,HOME
00:A0:50:1A:D6:9E - AirifyW5,28-05-2020 01:17:19,22,0,243,0,1691648,5627401,1696733,5624903,243,19.89,62.28,1006.83,HOME
00:A0:50:1A:D6:9E - AirifyW5,28-05-2020 01:17:40,22,0,243,0,1691648,5627401,1696733,5624903,243,19.89,62.28,1006.83,HOME
00:A0:50:1A:D6:9E - AirifyW5,28-05-2020 01:18:01,22,0,243,0,1691648,5627401,1696733,5624903,243,19.89,62.28,1006.83,HOME
00:A0:50:1A:D6:9E - AirifyW5,28-05-2020 01:18:22,22,0,243,0,1691648,5627401,1696733,5624903,243,19.89,62.28,1006.83,HOME
00:A0:50:1A:D6:9E - AirifyW5,28-05-2020 01:18:43,22,0,244,0,1691466,5627422,1696803,5624930,244,19.89,62.28,1006.83,HOME
00:A0:50:1A:D6:9E - AirifyW5,28-05-2020 01:19:04,22,0,244,0,1691466,5627422,1696803,5624930,244,19.89,62.28,1006.83,HOME
00:A0:50:1A:D6:9E - AirifyW5,28-05-2020 01:19:25,22,0,244,0,1691466,5627422,1696803,5624930,244,19.89,62.28,1006.83,HOME
00:A0:50:1A:D6:9E - AirifyW5,28-05-2020 01:19:46,22,0,243,0,1691644,5627734,1696681,5624725,243,19.9,62.12,1006.75,HOME
00:A0:50:1A:D6:9E - AirifyW5,28-05-2020 01:20:07,22,0,243,0,1691644,5627734,1696681,5624725,243,19.9,62.12,1006.75,HOME
00:A0:50:1A:D6:9E - AirifyW5,28-05-2020 01:20:28,22,0,243,0,1691644,5627734,1696681,5624725,243,19.9,62.12,1006.75,HOME
00:A0:50:1A:D6:9E - AirifyW5,28-05-2020 01:20:49,21,0,243,0,1690846,5627368,1696701,5624666,243,19.9,62.12,1006.75,HOME
00:A0:50:1A:D6:9E - AirifyW5,28-05-2020 01:21:10,21,0,243,0,1690846,5627368,1696701,5624666,243,19.9,62.12,1006.75,HOME
00:A0:50:1A:D6:9E - AirifyW5,28-05-2020 01:21:31,21,0,243,0,1690846,5627368,1696701,5624666,243,19.9,62.12,1006.75,HOME
00:A0:50:1A:D6:9E - AirifyW5,28-05-2020 01:21:52,21,0,240,0,1691209,5627638,1696384,5624780,240,19.9,62.12,1006.75,HOME
00:A0:50:1A:D6:9E - AirifyW5,28-05-2020 01:22:13,21,0,240,0,1691209,5627638,1696384,5624780,240,19.9,62.12,1006.75,HOME
00:A0:50:1A:D6:9E - AirifyW5,28-05-2020 01:22:34,21,0,240,0,1691209,5627638,1696384,5624780,240,19.9,62.12,1006.75,HOME
00:A0:50:1A:D6:9E - AirifyW5,28-05-2020 01:22:55,22,0,236,0,1691417,5627632,1695869,5624849,236,19.9,62.12,1006.75,HOME
00:A0:50:1A:D6:9E - AirifyW5,28-05-2020 01:23:16,22,0,236,0,1691417,5627632,1695869,5624849,236,19.9,62.12,1006.75,HOME
00:A0:50:1A:D6:9E - AirifyW5,28-05-2020 01:23:37,22,0,236,0,1691417,5627632,1695869,5624849,236,19.9,62.12,1006.75,HOME
00:A0:50:1A:D6:9E - AirifyW5,28-05-2020 01:23:58,21,0,237,0,1691352,5627327,1695980,5624974,237,19.9,62.12,1006.75,HOME
00:A0:50:1A:D6:9E - AirifyW5,28-05-2020 01:24:19,21,0,237,0,1691352,5627327,1695980,5624974,237,19.9,62.12,1006.75,HOME
00:A0:50:1A:D6:9E - AirifyW5,28-05-2020 01:24:40,21,0,237,0,1691352,5627327,1695980,5624974,237,19.9,62.12,1006.75,HOME
00:A0:50:1A:D6:9E - AirifyW5,28-05-2020 01:25:01,21,0,237,0,1691352,5627327,1695980,5624974,237,19.9,62.12,1006.75,HOME
00:A0:50:1A:D6:9E - AirifyW5,28-05-2020 01:25:22,21,0,237,0,1691352,5627327,1695980,5624974,237,19.9,62.12,1006.75,HOME
00:A0:50:1A:D6:9E - AirifyW5,28-05-2020 01:25:43,21,0,237,0,1691352,5627327,1695980,5624974,237,19.9,62.12,1006.75,HOME
00:A0:50:1A:D6:9E - AirifyW5,28-05-2020 01:26:04,22,0,236,0,1691416,5627371,1695744,5624909,236,19.9,62.12,1006.75,HOME
00:A0:50:1A:D6:9E - AirifyW5,28-05-2020 01:26:25,22,0,236,0,1691416,5627371,1695744,5624909,236,19.9,62.12,1006.75,HOME
00:A0:50:1A:D6:9E - AirifyW5,28-05-2020 01:26:46,22,0,236,0,1691416,5627371,1695744,5624909,236,19.9,62.12,1006.75,HOME
00:A0:50:1A:D6:9E - AirifyW5,28-05-2020 01:27:07,21,0,230,0,1691363,5627405,1695037,5624462,230,19.9,62.12,1006.75,HOME
00:A0:50:1A:D6:9E - AirifyW5,28-05-2020 01:27:28,21,0,230,0,1691363,5627405,1695037,5624462,230,19.9,62.12,1006.75,HOME
00:A0:50:1A:D6:9E - AirifyW5,28-05-2020 01:27:49,21,0,230,0,1691363,5627405,1695037,5624462,230,19.9,62.12,1006.75,HOME
00:A0:50:1A:D6:9E - AirifyW5,28-05-2020 01:28:10,22,0,232,0,1691623,5627405,1695233,5624165,232,19.9,62.12,1006.75,HOME
00:A0:50:1A:D6:9E - AirifyW5,28-05-2020 01:28:32,22,0,232,0,1691623,5627405,1695233,5624165,232,19.9,62.12,1006.75,HOME
00:A0:50:1A:D6:9E - AirifyW5,28-05-2020 01:28:53,22,0,232,0,1691623,5627405,1695233,5624165,232,19.9,62.12,1006.75,HOME
00:A0:50:1A:D6:9E - AirifyW5,28-05-2020 01:29:14,22,0,227,0,1692016,5627472,1694675,5623863,227,19.92,62.0,1006.67,HOME
00:A0:50:1A:D6:9E - AirifyW5,28-05-2020 01:29:35,22,0,227,0,1692016,5627472,1694675,5623863,227,19.92,62.0,1006.67,HOME
00:A0:50:1A:D6:9E - AirifyW5,28-05-2020 01:29:56,22,0,227,0,1692016,5627472,1694675,5623863,227,19.92,62.0,1006.67,HOME
00:A0:50:1A:D6:9E - AirifyW5,28-05-2020 01:30:17,22,0,224,0,1691796,5627176,1694241,5624007,224,19.92,62.0,1006.67,HOME
00:A0:50:1A:D6:9E - AirifyW5,28-05-2020 01:30:38,22,0,224,0,1691796,5627176,1694241,5624007,224,19.92,62.0,1006.67,HOME
00:A0:50:1A:D6:9E - AirifyW5,28-05-2020 01:30:59,22,0,224,0,1691796,5627176,1694241,5624007,224,19.92,62.0,1006.67,HOME
00:A0:50:1A:D6:9E - AirifyW5,28-05-2020 01:31:20,22,0,220,0,1691780,5627390,1693713,5624374,220,19.92,62.0,1006.67,HOME
00:A0:50:1A:D6:9E - AirifyW5,28-05-2020 01:31:41,22,0,220,0,1691780,5627390,1693713,5624374,220,19.92,62.0,1006.67,HOME
00:A0:50:1A:D6:9E - AirifyW5,28-05-2020 01:32:02,22,0,220,0,1691780,5627390,1693713,5624374,220,19.92,62.0,1006.67,HOME
00:A0:50:1A:D6:9E - AirifyW5,28-05-2020 01:32:23,22,0,222,0,1691902,5627453,1694019,5624528,222,19.92,62.0,1006.67,HOME
00:A0:50:1A:D6:9E - AirifyW5,28-05-2020 01:32:44,22,0,222,0,1691902,5627453,1694019,5624528,222,19.92,62.0,1006.67,HOME
00:A0:50:1A:D6:9E - AirifyW5,28-05-2020 01:33:05,22,0,222,0,1691902,5627453,1694019,5624528,222,19.92,62.0,1006.67,HOME
00:A0:50:1A:D6:9E - AirifyW5,28-05-2020 01:33:26,21,0,221,0,1691374,5627511,1693769,5624830,221,19.92,62.0,1006.67,HOME
00:A0:50:1A:D6:9E - AirifyW5,28-05-2020 01:33:47,21,0,221,0,1691374,5627511,1693769,5624830,221,19.92,62.0,1006.67,HOME
00:A0:50:1A:D6:9E - AirifyW5,28-05-2020 01:34:08,21,0,221,0,1691374,5627511,1693769,5624830,221,19.92,62.0,1006.67,HOME
00:A0:50:1A:D6:9E - AirifyW5,28-05-2020 01:34:29,22,0,220,0,1691628,5627338,1693644,5625077,220,19.92,62.0,1006.67,HOME
00:A0:50:1A:D6:9E - AirifyW5,28-05-2020 01:34:50,22,0,220,0,1691628,5627338,1693644,5625077,220,19.92,62.0,1006.67,HOME
00:A0:50:1A:D6:9E - AirifyW5,28-05-2020 01:35:11,22,0,220,0,1691628,5627338,1693644,5625077,220,19.92,62.0,1006.67,HOME
00:A0:50:1A:D6:9E - AirifyW5,28-05-2020 01:35:32,21,0,223,0,1691374,5627366,1694109,5625022,223,19.92,62.0,1006.67,HOME
00:A0:50:1A:D6:9E - AirifyW5,28-05-2020 01:35:53,21,0,223,0,1691374,5627366,1694109,5625022,223,19.92,62.0,1006.67,HOME
00:A0:50:1A:D6:9E - AirifyW5,28-05-2020 01:36:14,21,0,223,0,1691374,5627366,1694109,5625022,223,19.92,62.0,1006.67,HOME
00:A0:50:1A:D6:9E - AirifyW5,28-05-2020 01:36:35,21,0,225,0,1691143,5627470,1694303,5625057,225,19.92,62.0,1006.67,HOME
00:A0:50:1A:D6:9E - AirifyW5,28-05-2020 01:36:56,21,0,225,0,1691143,5627470,1694303,5625057,225,19.92,62.0,1006.67,HOME
00:A0:50:1A:D6:9E - AirifyW5,28-05-2020 01:37:17,21,0,225,0,1691143,5627470,1694303,5625057,225,19.92,62.0,1006.67,HOME
00:A0:50:1A:D6:9E - AirifyW5,28-05-2020 01:37:38,21,0,223,0,1691026,5627433,1694065,5625367,223,19.92,62.0,1006.67,HOME
00:A0:50:1A:D6:9E - AirifyW5,28-05-2020 01:37:59,21,0,223,0,1691026,5627433,1694065,5625367,223,19.92,62.0,1006.67,HOME
00:A0:50:1A:D6:9E - AirifyW5,28-05-2020 01:38:20,21,0,223,0,1691026,5627433,1694065,5625367,223,19.92,62.0,1006.67,HOME
00:A0:50:1A:D6:9E - AirifyW5,28-05-2020 01:38:41,22,0,224,0,1691746,5627732,1694236,5625335,224,19.94,61.7,1006.61,HOME
00:A0:50:1A:D6:9E - AirifyW5,28-05-2020 01:39:02,22,0,224,0,1691746,5627732,1694236,5625335,224,19.94,61.7,1006.61,HOME
00:A0:50:1A:D6:9E - AirifyW5,28-05-2020 01:39:23,22,0,224,0,1691746,5627732,1694236,5625335,224,19.94,61.7,1006.61,HOME
00:A0:50:1A:D6:9E - AirifyW5,28-05-2020 01:39:45,21,0,226,0,1691083,5627407,1694498,5625234,226,19.94,61.7,1006.61,HOME
00:A0:50:1A:D6:9E - AirifyW5,28-05-2020 01:40:06,21,0,226,0,1691083,5627407,1694498,5625234,226,19.94,61.7,1006.61,HOME
00:A0:50:1A:D6:9E - AirifyW5,28-05-2020 01:40:27,21,0,226,0,1691083,5627407,1694498,5625234,226,19.94,61.7,1006.61,HOME
00:A0:50:1A:D6:9E - AirifyW5,28-05-2020 01:40:48,21,0,227,0,1691005,5627585,1694634,5625147,227,19.94,61.7,1006.61,HOME
00:A0:50:1A:D6:9E - AirifyW5,28-05-2020 01:41:09,21,0,227,0,1691005,5627585,1694634,5625147,227,19.94,61.7,1006.61,HOME
00:A0:50:1A:D6:9E - AirifyW5,28-05-2020 01:41:30,21,0,227,0,1691005,5627585,1694634,5625147,227,19.94,61.7,1006.61,HOME
00:A0:50:1A:D6:9E - AirifyW5,28-05-2020 01:41:51,21,0,227,0,1691005,5627585,1694634,5625147,227,19.94,61.7,1006.61,HOME
00:A0:50:1A:D6:9E - AirifyW5,28-05-2020 01:42:12,20,0,225,0,1690461,5627954,1694288,5625025,225,19.94,61.7,1006.61,HOME
00:A0:50:1A:D6:9E - AirifyW5,28-05-2020 01:42:33,20,0,225,0,1690461,5627954,1694288,5625025,225,19.94,61.7,1006.61,HOME
00:A0:50:1A:D6:9E - AirifyW5,28-05-2020 01:42:54,20,0,225,0,1690461,5627954,1694288,5625025,225,19.94,61.7,1006.61,HOME
00:A0:50:1A:D6:9E - AirifyW5,28-05-2020 01:43:15,20,0,225,0,1690461,5627954,1694288,5625025,225,19.94,61.7,1006.61,HOME
00:A0:50:1A:D6:9E - AirifyW5,28-05-2020 01:43:36,20,0,225,0,1690461,5627954,1694288,5625025,225,19.94,61.7,1006.61,HOME
00:A0:50:1A:D6:9E - AirifyW5,28-05-2020 01:43:57,20,0,225,0,1690461,5627954,1694288,5625025,225,19.94,61.7,1006.61,HOME
00:A0:50:1A:D6:9E - AirifyW5,28-05-2020 01:44:18,19,0,222,0,1689773,5628026,1694018,5624997,222,19.94,61.7,1006.61,HOME
00:A0:50:1A:D6:9E - AirifyW5,28-05-2020 01:44:39,19,0,222,0,1689773,5628026,1694018,5624997,222,19.94,61.7,1006.61,HOME
00:A0:50:1A:D6:9E - AirifyW5,28-05-2020 01:45:00,19,0,222,0,1689773,5628026,1694018,5624997,222,19.94,61.7,1006.61,HOME
00:A0:50:1A:D6:9E - AirifyW5,28-05-2020 01:45:21,19,0,231,0,1689704,5627879,1695142,5625146,231,19.94,61.7,1006.61,HOME
00:A0:50:1A:D6:9E - AirifyW5,28-05-2020 01:45:42,19,0,231,0,1689704,5627879,1695142,5625146,231,19.94,61.7,1006.61,HOME
00:A0:50:1A:D6:9E - AirifyW5,28-05-2020 01:46:03,19,0,231,0,1689704,5627879,1695142,5625146,231,19.94,61.7,1006.61,HOME
00:A0:50:1A:D6:9E - AirifyW5,28-05-2020 01:46:24,19,0,230,0,1689687,5627679,1695019,5625154,230,19.94,61.7,1006.61,HOME
00:A0:50:1A:D6:9E - AirifyW5,28-05-2020 01:46:45,19,0,230,0,1689687,5627679,1695019,5625154,230,19.94,61.7,1006.61,HOME
00:A0:50:1A:D6:9E - AirifyW5,28-05-2020 01:47:06,19,0,230,0,1689687,5627679,1695019,5625154,230,19.94,61.7,1006.61,HOME
00:A0:50:1A:D6:9E - AirifyW5,28-05-2020 01:47:27,19,0,230,0,1689813,5627952,1695045,5625474,230,19.94,61.7,1006.61,HOME
00:A0:50:1A:D6:9E - AirifyW5,28-05-2020 01:47:48,19,0,230,0,1689813,5627952,1695045,5625474,230,19.94,61.7,1006.61,HOME
00:A0:50:1A:D6:9E - AirifyW5,28-05-2020 01:48:09,19,0,230,0,1689813,5627952,1695045,5625474,230,19.94,61.7,1006.61,HOME
00:A0:50:1A:D6:9E - AirifyW5,28-05-2020 01:48:30,19,0,230,0,1689719,5628304,1695050,5625283,230,19.95,61.54,1006.54,HOME
00:A0:50:1A:D6:9E - AirifyW5,28-05-2020 01:48:51,19,0,230,0,1689719,5628304,1695050,5625283,230,19.95,61.54,1006.54,HOME
00:A0:50:1A:D6:9E - AirifyW5,28-05-2020 01:49:12,19,0,230,0,1689719,5628304,1695050,5625283,230,19.95,61.54,1006.54,HOME
00:A0:50:1A:D6:9E - AirifyW5,28-05-2020 01:49:33,18,0,232,0,1689434,5628127,1695278,5625696,232,19.95,61.54,1006.54,HOME
00:A0:50:1A:D6:9E - AirifyW5,28-05-2020 01:49:54,18,0,232,0,1689434,5628127,1695278,5625696,232,19.95,61.54,1006.54,HOME
00:A0:50:1A:D6:9E - AirifyW5,28-05-2020 01:50:16,18,0,232,0,1689434,5628127,1695278,5625696,232,19.95,61.54,1006.54,HOME
00:A0:50:1A:D6:9E - AirifyW5,28-05-2020 01:50:37,18,0,231,0,1689437,5628110,1695097,5625360,231,19.95,61.54,1006.54,HOME
00:A0:50:1A:D6:9E - AirifyW5,28-05-2020 01:50:58,18,0,231,0,1689437,5628110,1695097,5625360,231,19.95,61.54,1006.54,HOME
00:A0:50:1A:D6:9E - AirifyW5,28-05-2020 01:51:19,18,0,231,0,1689437,5628110,1695097,5625360,231,19.95,61.54,1006.54,HOME
00:A0:50:1A:D6:9E - AirifyW5,28-05-2020 01:51:40,19,0,228,0,1689676,5628258,1694695,5625227,228,19.95,61.54,1006.54,HOME
00:A0:50:1A:D6:9E - AirifyW5,28-05-2020 01:52:01,19,0,228,0,1689676,5628258,1694695,5625227,228,19.95,61.54,1006.54,HOME
00:A0:50:1A:D6:9E - AirifyW5,28-05-2020 01:52:22,19,0,228,0,1689676,5628258,1694695,5625227,228,19.95,61.54,1006.54,HOME
00:A0:50:1A:D6:9E - AirifyW5,28-05-2020 01:52:43,18,0,226,0,1689154,5628259,1694438,5625211,226,19.95,61.54,1006.54,HOME
00:A0:50:1A:D6:9E - AirifyW5,28-05-2020 01:53:04,18,0,226,0,1689154,5628259,1694438,5625211,226,19.95,61.54,1006.54,HOME
00:A0:50:1A:D6:9E - AirifyW5,28-05-2020 01:53:25,18,0,226,0,1689154,5628259,1694438,5625211,226,19.95,61.54,1006.54,HOME
00:A0:50:1A:D6:9E - AirifyW5,28-05-2020 01:53:46,18,0,226,0,1689212,5628497,1694432,5625153,226,19.95,61.54,1006.54,HOME
00:A0:50:1A:D6:9E - AirifyW5,28-05-2020 01:54:07,18,0,226,0,1689212,5628497,1694432,5625153,226,19.95,61.54,1006.54,HOME
00:A0:50:1A:D6:9E - AirifyW5,28-05-2020 01:54:28,18,0,226,0,1689212,5628497,1694432,5625153,226,19.95,61.54,1006.54,HOME
00:A0:50:1A:D6:9E - AirifyW5,28-05-2020 01:54:49,18,0,227,0,1689350,5628638,1694614,5625172,227,19.95,61.54,1006.54,HOME
00:A0:50:1A:D6:9E - AirifyW5,28-05-2020 01:55:10,18,0,227,0,1689350,5628638,1694614,5625172,227,19.95,61.54,1006.54,HOME
00:A0:50:1A:D6:9E - AirifyW5,28-05-2020 01:55:31,18,0,227,0,1689350,5628638,1694614,5625172,227,19.95,61.54,1006.54,HOME
00:A0:50:1A:D6:9E - AirifyW5,28-05-2020 01:55:52,18,0,227,0,1689153,5628458,1694572,5625454,227,19.95,61.54,1006.54,HOME
00:A0:50:1A:D6:9E - AirifyW5,28-05-2020 01:56:13,18,0,227,0,1689153,5628458,1694572,5625454,227,19.95,61.54,1006.54,HOME
00:A0:50:1A:D6:9E - AirifyW5,28-05-2020 01:56:34,18,0,227,0,1689153,5628458,1694572,5625454,227,19.95,61.54,1006.54,HOME
00:A0:50:1A:D6:9E - AirifyW5,28-05-2020 01:56:55,17,0,225,500,1688583,5628599,1694301,5563909,500,19.97,61.33,1006.47,HOME
00:A0:50:1A:D6:9E - AirifyW5,28-05-2020 01:57:16,17,0,225,500,1688583,5628599,1694301,5563909,500,19.97,61.33,1006.47,HOME
00:A0:50:1A:D6:9E - AirifyW5,28-05-2020 01:57:37,17,0,225,500,1688583,5628599,1694301,5563909,500,19.97,61.33,1006.47,HOME
00:A0:50:1A:D6:9E - AirifyW5,28-05-2020 01:57:58,17,0,225,500,1688688,5628328,1694341,5563497,500,19.97,61.33,1006.47,HOME
00:A0:50:1A:D6:9E - AirifyW5,28-05-2020 01:58:19,17,0,225,500,1688688,5628328,1694341,5563497,500,19.97,61.33,1006.47,HOME
00:A0:50:1A:D6:9E - AirifyW5,28-05-2020 01:58:40,17,0,225,500,1688688,5628328,1694341,5563497,500,19.97,61.33,1006.47,HOME
00:A0:50:1A:D6:9E - AirifyW5,28-05-2020 01:59:01,17,0,226,500,1688695,5628343,1694470,5563260,500,19.97,61.33,1006.47,HOME
00:A0:50:1A:D6:9E - AirifyW5,28-05-2020 01:59:22,17,0,226,500,1688695,5628343,1694470,5563260,500,19.97,61.33,1006.47,HOME
00:A0:50:1A:D6:9E - AirifyW5,28-05-2020 01:59:43,17,0,226,500,1688695,5628343,1694470,5563260,500,19.97,61.33,1006.47,HOME
00:A0:50:1A:D6:9E - AirifyW5,28-05-2020 02:00:04,17,0,227,500,1688679,5628140,1694666,5563259,500,19.97,61.33,1006.47,HOME
00:A0:50:1A:D6:9E - AirifyW5,28-05-2020 02:00:25,17,0,227,500,1688679,5628140,1694666,5563259,500,19.97,61.33,1006.47,HOME
00:A0:50:1A:D6:9E - AirifyW5,28-05-2020 02:00:46,17,0,227,500,1688679,5628140,1694666,5563259,500,19.97,61.33,1006.47,HOME
00:A0:50:1A:D6:9E - AirifyW5,28-05-2020 02:01:07,17,0,227,500,1688679,5628140,1694666,5563259,500,19.97,61.33,1006.47,HOME
00:A0:50:1A:D6:9E - AirifyW5,28-05-2020 02:01:28,17,0,227,500,1688679,5628140,1694666,5563259,500,19.97,61.33,1006.47,HOME
00:A0:50:1A:D6:9E - AirifyW5,28-05-2020 02:01:49,17,0,227,500,1688679,5628140,1694666,5563259,500,19.97,61.33,1006.47,HOME
00:A0:50:1A:D6:9E - AirifyW5,28-05-2020 02:02:10,18,0,228,500,1688907,5627934,1694717,5563577,500,19.97,61.33,1006.47,HOME
00:A0:50:1A:D6:9E - AirifyW5,28-05-2020 02:02:31,18,0,228,500,1688907,5627934,1694717,5563577,500,19.97,61.33,1006.47,HOME
00:A0:50:1A:D6:9E - AirifyW5,28-05-2020 02:02:52,18,0,228,500,1688907,5627934,1694717,5563577,500,19.97,61.33,1006.47,HOME
00:A0:50:1A:D6:9E - AirifyW5,28-05-2020 02:03:13,17,0,225,500,1688346,5627868,1694352,5563336,500,19.97,61.33,1006.47,HOME
00:A0:50:1A:D6:9E - AirifyW5,28-05-2020 02:03:34,17,0,225,500,1688346,5627868,1694352,5563336,500,19.97,61.33,1006.47,HOME
00:A0:50:1A:D6:9E - AirifyW5,28-05-2020 02:03:56,17,0,225,500,1688346,5627868,1694352,5563336,500,19.97,61.33,1006.47,HOME
00:A0:50:1A:D6:9E - AirifyW5,28-05-2020 02:04:17,16,0,223,500,1687914,5627858,1694126,5564079,500,19.97,61.33,1006.47,HOME
00:A0:50:1A:D6:9E - AirifyW5,28-05-2020 02:04:38,16,0,223,500,1687914,5627858,1694126,5564079,500,19.97,61.33,1006.47,HOME
00:A0:50:1A:D6:9E - AirifyW5,28-05-2020 02:04:59,16,0,223,500,1687914,5627858,1694126,5564079,500,19.97,61.33,1006.47,HOME
00:A0:50:1A:D6:9E - AirifyW5,28-05-2020 02:05:20,15,0,224,500,1687462,5627496,1694182,5564058,500,19.97,61.33,1006.47,HOME
00:A0:50:1A:D6:9E - AirifyW5,28-05-2020 02:05:41,15,0,224,500,1687462,5627496,1694182,5564058,500,19.97,61.33,1006.47,HOME
00:A0:50:1A:D6:9E - AirifyW5,28-05-2020 02:06:02,15,0,224,500,1687462,5627496,1694182,5564058,500,19.97,61.33,1006.47,HOME
00:A0:50:1A:D6:9E - AirifyW5,28-05-2020 02:06:23,15,0,224,500,1687462,5627496,1694182,5564058,500,19.97,61.33,1006.47,HOME
00:A0:50:1A:D6:9E - AirifyW5,28-05-2020 02:06:44,15,0,220,500,1687393,5627151,1693649,5564078,500,19.98,61.15,1006.41,HOME
00:A0:50:1A:D6:9E - AirifyW5,28-05-2020 02:07:05,15,0,220,500,1687393,5627151,1693649,5564078,500,19.98,61.15,1006.41,HOME
00:A0:50:1A:D6:9E - AirifyW5,28-05-2020 02:07:26,15,0,220,500,1687393,5627151,1693649,5564078,500,19.98,61.15,1006.41,HOME
00:A0:50:1A:D6:9E - AirifyW5,28-05-2020 02:07:47,16,0,217,500,1687785,5627070,1693330,5563286,500,19.98,61.15,1006.41,HOME
00:A0:50:1A:D6:9E - AirifyW5,28-05-2020 02:08:08,16,0,217,500,1687785,5627070,1693330,5563286,500,19.98,61.15,1006.41,HOME
00:A0:50:1A:D6:9E - AirifyW5,28-05-2020 02:08:29,16,0,217,500,1687785,5627070,1693330,5563286,500,19.98,61.15,1006.41,HOME
00:A0:50:1A:D6:9E - AirifyW5,28-05-2020 02:08:50,15,0,215,500,1687574,5626981,1693091,5563501,500,19.98,61.15,1006.41,HOME
00:A0:50:1A:D6:9E - AirifyW5,28-05-2020 02:09:11,15,0,215,500,1687574,5626981,1693091,5563501,500,19.98,61.15,1006.41,HOME
00:A0:50:1A:D6:9E - AirifyW5,28-05-2020 02:09:32,15,0,215,500,1687574,5626981,1693091,5563501,500,19.98,61.15,1006.41,HOME
00:A0:50:1A:D6:9E - AirifyW5,28-05-2020 02:09:53,16,0,219,500,1687723,5626743,1693603,5563514,500,19.98,61.15,1006.41,HOME
00:A0:50:1A:D6:9E - AirifyW5,28-05-2020 02:10:14,16,0,219,500,1687723,5626743,1693603,5563514,500,19.98,61.15,1006.41,HOME
00:A0:50:1A:D6:9E - AirifyW5,28-05-2020 02:10:35,16,0,219,500,1687723,5626743,1693603,5563514,500,19.98,61.15,1006.41,HOME
00:A0:50:1A:D6:A3 - AirifyW4,28-05-2020 02:23:05,500,109,500,0,3019177,5618049,1724209,5625478,0,655.35,655.35,-0.01,HOME
00:A0:50:1A:D6:A3 - AirifyW4,28-05-2020 02:24:06,500,54,491,0,3000821,5619699,1720930,5624542,500,655.35,655.35,-0.01,HOME
00:A0:50:1A:D6:A3 - AirifyW4,28-05-2020 02:26:43,500,0,433,0,2977897,5621582,1715830,5625729,500,655.35,655.35,-0.01,HOME
00:A0:50:1A:D6:A3 - AirifyW4,28-05-2020 02:28:14,500,0,397,0,2966483,5622862,1712709,5625873,500,655.35,655.35,-0.01,HOME
00:A0:50:1A:D6:A3 - AirifyW4,28-05-2020 02:28:59,500,0,397,0,2966483,5622862,1712709,5625873,500,655.35,655.35,-0.01,HOME
00:A0:50:1A:D6:A3 - AirifyW4,28-05-2020 02:29:20,500,0,376,0,2961815,5623382,1710916,5626027,500,655.35,655.35,-0.01,HOME
00:A0:50:1A:D6:A3 - AirifyW4,28-05-2020 02:29:41,500,0,376,0,2961815,5623382,1710916,5626027,500,655.35,655.35,-0.01,HOME
00:A0:50:1A:D6:A3 - AirifyW4,28-05-2020 02:30:02,500,0,376,0,2961815,5623382,1710916,5626027,500,655.35,655.35,-0.01,HOME
00:A0:50:1A:D6:A3 - AirifyW4,28-05-2020 02:30:29,500,0,368,0,2957330,5623935,1710149,5626676,500,655.35,655.35,-0.01,HOME
00:A0:50:1A:D6:A3 - AirifyW4,28-05-2020 02:44:08,500,0,247,0,2914469,5625046,1697203,5628452,500,655.35,655.35,-0.01,HOME
00:A0:50:1A:D6:A3 - AirifyW4,28-05-2020 02:44:29,500,0,240,0,2911888,5625205,1696278,5628563,500,655.35,655.35,-0.01,HOME
00:A0:50:1A:D6:A3 - AirifyW4,28-05-2020 02:44:50,500,0,240,0,2911888,5625205,1696278,5628563,500,655.35,655.35,-0.01,HOME
00:A0:50:1A:D6:A3 - AirifyW4,28-05-2020 02:45:11,500,0,240,0,2911888,5625205,1696278,5628563,500,655.35,655.35,-0.01,HOME
00:A0:50:1A:D6:A3 - AirifyW4,28-05-2020 02:45:32,500,0,237,0,2908870,5625202,1695951,5628879,500,655.35,655.35,-0.01,HOME
00:A0:50:1A:D6:A3 - AirifyW4,28-05-2020 02:45:53,500,0,237,0,2908870,5625202,1695951,5628879,500,655.35,655.35,-0.01,HOME
00:A0:50:1A:D6:A3 - AirifyW4,28-05-2020 02:46:14,500,0,237,0,2908870,5625202,1695951,5628879,500,655.35,655.35,-0.01,HOME
00:A0:50:1A:D6:A3 - AirifyW4,28-05-2020 02:46:35,500,0,230,0,2905661,5625199,1695034,5628697,500,655.35,655.35,-0.01,HOME
00:A0:50:1A:D6:A3 - AirifyW4,28-05-2020 02:46:56,500,0,230,0,2905661,5625199,1695034,5628697,500,655.35,655.35,-0.01,HOME
00:A0:50:1A:D6:A3 - AirifyW4,28-05-2020 02:47:17,500,0,230,0,2905661,5625199,1695034,5628697,500,655.35,655.35,-0.01,HOME
00:A0:50:1A:D6:A3 - AirifyW4,28-05-2020 02:47:38,500,0,229,0,2903118,5624997,1694945,5628807,500,655.35,655.35,-0.01,HOME
00:A0:50:1A:D6:A3 - AirifyW4,28-05-2020 02:47:59,500,0,229,0,2903118,5624997,1694945,5628807,500,655.35,655.35,-0.01,HOME
00:A0:50:1A:D6:A3 - AirifyW4,28-05-2020 02:48:20,500,0,229,0,2903118,5624997,1694945,5628807,500,655.35,655.35,-0.01,HOME
00:A0:50:1A:D6:A3 - AirifyW4,28-05-2020 02:48:41,500,0,225,0,2900732,5625121,1694362,5628346,500,655.35,655.35,-0.01,HOME
00:A0:50:1A:D6:A3 - AirifyW4,28-05-2020 02:49:02,500,0,225,0,2900732,5625121,1694362,5628346,500,655.35,655.35,-0.01,HOME
00:A0:50:1A:D6:A3 - AirifyW4,28-05-2020 02:49:23,500,0,225,0,2900732,5625121,1694362,5628346,500,655.35,655.35,-0.01,HOME
00:A0:50:1A:D6:A3 - AirifyW4,28-05-2020 02:49:44,500,0,224,0,2898413,5625396,1694180,5629077,500,655.35,655.35,-0.01,HOME
00:A0:50:1A:D6:A3 - AirifyW4,28-05-2020 02:50:05,500,0,224,0,2898413,5625396,1694180,5629077,500,655.35,655.35,-0.01,HOME
00:A0:50:1A:D6:A3 - AirifyW4,28-05-2020 02:50:26,500,0,224,0,2898413,5625396,1694180,5629077,500,655.35,655.35,-0.01,HOME
00:A0:50:1A:D6:A3 - AirifyW4,28-05-2020 02:50:47,500,0,222,0,2896267,5625608,1693906,5629082,500,655.35,655.35,-0.01,HOME
00:A0:50:1A:D6:A3 - AirifyW4,28-05-2020 02:51:08,500,0,222,0,2896267,5625608,1693906,5629082,500,655.35,655.35,-0.01,HOME
00:A0:50:1A:D6:A3 - AirifyW4,28-05-2020 02:51:29,500,0,222,0,2896267,5625608,1693906,5629082,500,655.35,655.35,-0.01,HOME
00:A0:50:1A:D6:A3 - AirifyW4,28-05-2020 02:51:50,500,0,222,0,2894080,5625433,1693925,5629307,500,655.35,655.35,-0.01,HOME
00:A0:50:1A:D6:A3 - AirifyW4,28-05-2020 02:52:11,500,0,222,0,2894080,5625433,1693925,5629307,500,655.35,655.35,-0.01,HOME
00:A0:50:1A:D6:A3 - AirifyW4,28-05-2020 02:52:32,500,0,222,0,2894080,5625433,1693925,5629307,500,655.35,655.35,-0.01,HOME
00:A0:50:1A:D6:A3 - AirifyW4,28-05-2020 02:52:53,500,0,223,0,2891399,5625026,1694138,5628859,500,655.35,655.35,-0.01,HOME
00:A0:50:1A:D6:A3 - AirifyW4,28-05-2020 02:53:14,500,0,223,0,2891399,5625026,1694138,5628859,500,655.35,655.35,-0.01,HOME
00:A0:50:1A:D6:A3 - AirifyW4,28-05-2020 02:53:35,500,0,223,0,2891399,5625026,1694138,5628859,500,655.35,655.35,-0.01,HOME
00:A0:50:1A:D6:A3 - AirifyW4,28-05-2020 02:53:56,500,0,221,0,2889767,5624927,1693891,5629220,500,655.35,655.35,-0.01,HOME
00:A0:50:1A:D6:A3 - AirifyW4,28-05-2020 02:54:17,500,0,221,0,2889767,5624927,1693891,5629220,500,655.35,655.35,-0.01,HOME
00:A0:50:1A:D6:A3 - AirifyW4,28-05-2020 02:54:38,500,0,221,0,2889767,5624927,1693891,5629220,500,655.35,655.35,-0.01,HOME
00:A0:50:1A:D6:A3 - AirifyW4,28-05-2020 02:54:59,500,0,217,0,2887912,5624407,1693240,5629563,500,655.35,655.35,-0.01,HOME
00:A0:50:1A:D6:A3 - AirifyW4,28-05-2020 02:55:20,500,0,217,0,2887912,5624407,1693240,5629563,500,655.35,655.35,-0.01,HOME
00:A0:50:1A:D6:A3 - AirifyW4,28-05-2020 02:55:41,500,0,217,0,2887912,5624407,1693240,5629563,500,655.35,655.35,-0.01,HOME
00:A0:50:1A:D6:A3 - AirifyW4,28-05-2020 02:56:02,500,0,214,0,2886113,5624682,1692886,5629573,500,655.35,655.35,-0.01,HOME
00:A0:50:1A:D6:A3 - AirifyW4,28-05-2020 02:56:23,500,0,214,0,2886113,5624682,1692886,5629573,500,655.35,655.35,-0.01,HOME
00:A0:50:1A:D6:A3 - AirifyW4,28-05-2020 02:56:44,500,0,214,0,2886113,5624682,1692886,5629573,500,655.35,655.35,-0.01,HOME
00:A0:50:1A:D6:A3 - AirifyW4,28-05-2020 02:57:05,500,0,214,0,2886113,5624682,1692886,5629573,500,655.35,655.35,-0.01,HOME
00:A0:50:1A:D6:A3 - AirifyW4,28-05-2020 02:57:26,500,0,214,0,2886113,5624682,1692886,5629573,500,655.35,655.35,-0.01,HOME
00:A0:50:1A:D6:A3 - AirifyW4,28-05-2020 02:57:47,500,0,214,0,2886113,5624682,1692886,5629573,500,655.35,655.35,-0.01,HOME
00:A0:50:1A:D6:A3 - AirifyW4,28-05-2020 02:58:08,500,0,214,0,2884856,5625148,1692847,5629724,500,655.35,655.35,-0.01,HOME
00:A0:50:1A:D6:A3 - AirifyW4,28-05-2020 02:58:29,500,0,214,0,2884856,5625148,1692847,5629724,500,655.35,655.35,-0.01,HOME
00:A0:50:1A:D6:A3 - AirifyW4,28-05-2020 02:58:51,500,0,214,0,2884856,5625148,1692847,5629724,500,655.35,655.35,-0.01,HOME
00:A0:50:1A:D6:A3 - AirifyW4,28-05-2020 02:59:12,500,0,217,0,2883258,5625247,1693268,5629895,500,655.35,655.35,-0.01,HOME
00:A0:50:1A:D6:A3 - AirifyW4,28-05-2020 02:59:33,500,0,217,0,2883258,5625247,1693268,5629895,500,655.35,655.35,-0.01,HOME
00:A0:50:1A:D6:A3 - AirifyW4,28-05-2020 02:59:54,500,0,217,0,2883258,5625247,1693268,5629895,500,655.35,655.35,-0.01,HOME
00:A0:50:1A:D6:A3 - AirifyW4,28-05-2020 03:00:15,500,0,215,0,2882151,5625310,1693099,5629911,500,655.35,655.35,-0.01,HOME
00:A0:50:1A:D6:A3 - AirifyW4,28-05-2020 03:00:36,500,0,215,0,2882151,5625310,1693099,5629911,500,655.35,655.35,-0.01,HOME
00:A0:50:1A:D6:A3 - AirifyW4,28-05-2020 03:00:57,500,0,215,0,2882151,5625310,1693099,5629911,500,655.35,655.35,-0.01,HOME
00:A0:50:1A:D6:A3 - AirifyW4,28-05-2020 03:01:18,500,0,217,0,2881358,5625183,1693339,5630057,500,655.35,655.35,-0.01,HOME
00:A0:50:1A:D6:A3 - AirifyW4,28-05-2020 03:01:39,500,0,217,0,2881358,5625183,1693339,5630057,500,655.35,655.35,-0.01,HOME
00:A0:50:1A:D6:A3 - AirifyW4,28-05-2020 03:02:00,500,0,217,0,2881358,5625183,1693339,5630057,500,655.35,655.35,-0.01,HOME
00:A0:50:1A:D6:A3 - AirifyW4,28-05-2020 03:02:21,500,0,212,0,2879479,5625073,1692666,5630157,500,655.35,655.35,-0.01,HOME
00:A0:50:1A:D6:A3 - AirifyW4,28-05-2020 03:02:42,500,0,212,0,2879479,5625073,1692666,5630157,500,655.35,655.35,-0.01,HOME
00:A0:50:1A:D6:A3 - AirifyW4,28-05-2020 03:03:03,500,0,212,0,2879479,5625073,1692666,5630157,500,655.35,655.35,-0.01,HOME
00:A0:50:1A:D6:A3 - AirifyW4,28-05-2020 03:03:24,500,0,207,0,2877931,5624847,1692030,5630255,500,655.35,655.35,-0.01,HOME
00:A0:50:1A:D6:A3 - AirifyW4,28-05-2020 03:03:45,500,0,207,0,2877931,5624847,1692030,5630255,500,655.35,655.35,-0.01,HOME
00:A0:50:1A:D6:A3 - AirifyW4,28-05-2020 03:04:06,500,0,207,0,2877931,5624847,1692030,5630255,500,655.35,655.35,-0.01,HOME
00:A0:50:1A:D6:A3 - AirifyW4,28-05-2020 03:04:27,500,0,208,0,2876810,5625049,1692044,5630562,500,655.35,655.35,-0.01,HOME
00:A0:50:1A:D6:A3 - AirifyW4,28-05-2020 03:04:48,500,0,208,0,2876810,5625049,1692044,5630562,500,655.35,655.35,-0.01,HOME
00:A0:50:1A:D6:A3 - AirifyW4,28-05-2020 03:05:09,500,0,208,0,2876810,5625049,1692044,5630562,500,655.35,655.35,-0.01,HOME
00:A0:50:1A:D6:A3 - AirifyW4,28-05-2020 03:05:30,500,0,208,0,2876810,5625049,1692044,5630562,500,655.35,655.35,-0.01,HOME
00:A0:50:1A:D6:A3 - AirifyW4,28-05-2020 03:05:51,500,0,207,0,2875434,5624841,1691966,5630151,500,655.35,655.35,-0.01,HOME
00:A0:50:1A:D6:A3 - AirifyW4,28-05-2020 03:06:12,500,0,207,0,2875434,5624841,1691966,5630151,500,655.35,655.35,-0.01,HOME
00:A0:50:1A:D6:A3 - AirifyW4,28-05-2020 03:06:33,500,0,207,0,2875434,5624841,1691966,5630151,500,655.35,655.35,-0.01,HOME
00:A0:50:1A:D6:A3 - AirifyW4,28-05-2020 03:06:54,500,0,199,0,2874363,5624525,1691079,5630231,500,655.35,655.35,-0.01,HOME
00:A0:50:1A:D6:A3 - AirifyW4,28-05-2020 03:07:15,500,0,199,0,2874363,5624525,1691079,5630231,500,655.35,655.35,-0.01,HOME
00:A0:50:1A:D6:A3 - AirifyW4,28-05-2020 03:07:36,500,0,199,0,2874363,5624525,1691079,5630231,500,655.35,655.35,-0.01,HOME
00:A0:50:1A:D6:A3 - AirifyW4,28-05-2020 03:07:57,500,0,201,0,2873765,5624025,1691154,5629815,500,655.35,655.35,-0.01,HOME
00:A0:50:1A:D6:A3 - AirifyW4,28-05-2020 03:08:18,500,0,201,0,2873765,5624025,1691154,5629815,500,655.35,655.35,-0.01,HOME
00:A0:50:1A:D6:A3 - AirifyW4,28-05-2020 03:08:39,500,0,201,0,2873765,5624025,1691154,5629815,500,655.35,655.35,-0.01,HOME
00:A0:50:1A:D6:A3 - AirifyW4,28-05-2020 03:09:00,500,0,193,0,2872800,5623723,1690362,5629407,500,655.35,655.35,-0.01,HOME
00:A0:50:1A:D6:A3 - AirifyW4,28-05-2020 03:09:21,500,0,193,0,2872800,5623723,1690362,5629407,500,655.35,655.35,-0.01,HOME
00:A0:50:1A:D6:A3 - AirifyW4,28-05-2020 03:09:42,500,0,193,0,2872800,5623723,1690362,5629407,500,655.35,655.35,-0.01,HOME
00:A0:50:1A:D6:A3 - AirifyW4,28-05-2020 03:10:03,500,0,196,0,2871537,5623918,1690733,5629502,500,655.35,655.35,-0.01,HOME
00:A0:50:1A:D6:A3 - AirifyW4,28-05-2020 03:10:24,500,0,196,0,2871537,5623918,1690733,5629502,500,655.35,655.35,-0.01,HOME
00:A0:50:1A:D6:A3 - AirifyW4,28-05-2020 03:10:45,500,0,196,0,2871537,5623918,1690733,5629502,500,655.35,655.35,-0.01,HOME
00:A0:50:1A:D6:A3 - AirifyW4,28-05-2020 03:11:06,500,0,194,0,2871598,5624298,1690483,5629598,500,655.35,655.35,-0.01,HOME
00:A0:50:1A:D6:A3 - AirifyW4,28-05-2020 03:11:27,500,0,194,0,2871598,5624298,1690483,5629598,500,655.35,655.35,-0.01,HOME
00:A0:50:1A:D6:A3 - AirifyW4,28-05-2020 03:11:48,500,0,194,0,2871598,5624298,1690483,5629598,500,655.35,655.35,-0.01,HOME
00:A0:50:1A:D6:A3 - AirifyW4,28-05-2020 03:12:09,500,0,197,0,2870356,5624471,1690782,5629183,500,655.35,655.35,-0.01,HOME
00:A0:50:1A:D6:A3 - AirifyW4,28-05-2020 03:12:30,500,0,197,0,2870356,5624471,1690782,5629183,500,655.35,655.35,-0.01,HOME
00:A0:50:1A:D6:A3 - AirifyW4,28-05-2020 03:12:51,500,0,197,0,2870356,5624471,1690782,5629183,500,655.35,655.35,-0.01,HOME
00:A0:50:1A:D6:A3 - AirifyW4,28-05-2020 03:13:12,500,0,210,0,2885392,5624633,1692317,5628660,500,655.35,655.35,-0.01,HOME
00:A0:50:1A:D6:A3 - AirifyW4,28-05-2020 03:13:33,500,0,210,0,2885392,5624633,1692317,5628660,500,655.35,655.35,-0.01,HOME
00:A0:50:1A:D6:A3 - AirifyW4,28-05-2020 03:13:54,500,0,210,0,2885392,5624633,1692317,5628660,500,655.35,655.35,-0.01,HOME
00:A0:50:1A:D6:A3 - AirifyW4,28-05-2020 03:14:15,500,0,209,0,2890757,5624746,1692201,5628425,500,655.35,655.35,-0.01,HOME
00:A0:50:1A:D6:A3 - AirifyW4,28-05-2020 03:14:36,500,0,209,0,2890757,5624746,1692201,5628425,500,655.35,655.35,-0.01,HOME
00:A0:50:1A:D6:A3 - AirifyW4,28-05-2020 03:14:57,500,0,209,0,2890757,5624746,1692201,5628425,500,655.35,655.35,-0.01,HOME
00:A0:50:1A:D6:A3 - AirifyW4,28-05-2020 03:15:18,500,0,209,0,2890757,5624746,1692201,5628425,500,655.35,655.35,-0.01,HOME
00:A0:50:1A:D6:A3 - AirifyW4,28-05-2020 03:15:40,500,0,209,0,2890757,5624746,1692201,5628425,500,655.35,655.35,-0.01,HOME
00:A0:50:1A:D6:A3 - AirifyW4,28-05-2020 03:16:01,500,0,209,0,2890757,5624746,1692201,5628425,500,655.35,655.35,-0.01,HOME
00:A0:50:1A:D6:A3 - AirifyW4,28-05-2020 03:16:22,500,0,209,0,2892913,5624358,1692187,5628302,500,655.35,655.35,-0.01,HOME
00:A0:50:1A:D6:A3 - AirifyW4,28-05-2020 03:16:43,500,0,209,0,2892913,5624358,1692187,5628302,500,655.35,655.35,-0.01,HOME
00:A0:50:1A:D6:A3 - AirifyW4,28-05-2020 03:17:04,500,0,209,0,2892913,5624358,1692187,5628302,500,655.35,655.35,-0.01,HOME
00:A0:50:1A:D6:A3 - AirifyW4,28-05-2020 03:17:25,500,0,207,0,2894840,5624251,1692007,5627783,500,655.35,655.35,-0.01,HOME
00:A0:50:1A:D6:A3 - AirifyW4,28-05-2020 03:17:46,500,0,207,0,2894840,5624251,1692007,5627783,500,655.35,655.35,-0.01,HOME
00:A0:50:1A:D6:A3 - AirifyW4,28-05-2020 03:18:07,500,0,207,0,2894840,5624251,1692007,5627783,500,655.35,655.35,-0.01,HOME
00:A0:50:1A:D6:A3 - AirifyW4,28-05-2020 03:18:28,500,0,210,0,2896321,5624292,1692321,5627846,500,655.35,655.35,-0.01,HOME
00:A0:50:1A:D6:A3 - AirifyW4,28-05-2020 03:18:49,500,0,210,0,2896321,5624292,1692321,5627846,500,655.35,655.35,-0.01,HOME
00:A0:50:1A:D6:A3 - AirifyW4,28-05-2020 03:19:11,500,0,210,0,2896321,5624292,1692321,5627846,500,655.35,655.35,-0.01,HOME
00:A0:50:1A:D6:A3 - AirifyW4,28-05-2020 03:19:53,500,0,209,0,2897617,5624263,1692237,5628007,500,655.35,655.35,-0.01,HOME
00:A0:50:1A:D6:A3 - AirifyW4,28-05-2020 03:20:14,500,0,209,0,2897617,5624263,1692237,5628007,500,655.35,655.35,-0.01,HOME
00:A0:50:1A:D6:A3 - AirifyW4,28-05-2020 03:20:35,500,0,220,0,2899788,5624091,1693675,5627858,500,655.35,655.35,-0.01,HOME
00:A0:50:1A:D6:A3 - AirifyW4,28-05-2020 03:20:56,500,0,220,0,2899788,5624091,1693675,5627858,500,655.35,655.35,-0.01,HOME
00:A0:50:1A:D6:A3 - AirifyW4,28-05-2020 03:21:17,500,0,220,0,2899788,5624091,1693675,5627858,500,655.35,655.35,-0.01,HOME
00:A0:50:1A:D6:A3 - AirifyW4,28-05-2020 03:21:38,500,0,218,0,2901806,5624130,1693483,5627749,500,655.35,655.35,-0.01,HOME
00:A0:50:1A:D6:A3 - AirifyW4,28-05-2020 03:22:24,500,0,218,0,2901806,5624130,1693483,5627749,500,655.35,655.35,-0.01,HOME
00:A0:50:1A:D6:A3 - AirifyW4,28-05-2020 03:22:45,500,0,225,0,2904162,5623924,1694365,5627495,500,655.35,655.35,-0.01,HOME
00:A0:50:1A:D6:A3 - AirifyW4,28-05-2020 03:23:06,500,0,225,0,2904162,5623924,1694365,5627495,500,655.35,655.35,-0.01,HOME
00:A0:50:1A:D6:A3 - AirifyW4,28-05-2020 03:23:27,500,0,225,0,2904162,5623924,1694365,5627495,500,655.35,655.35,-0.01,HOME
00:A0:50:1A:D6:A3 - AirifyW4,28-05-2020 03:23:48,500,0,226,0,2906393,5624146,1694522,5628024,500,655.35,655.35,-0.01,HOME
00:A0:50:1A:D6:A3 - AirifyW4,28-05-2020 03:24:09,500,0,226,0,2906393,5624146,1694522,5628024,500,655.35,655.35,-0.01,HOME
00:A0:50:1A:D6:A3 - AirifyW4,28-05-2020 03:24:51,500,0,233,0,2908645,5624108,1695373,5627911,500,655.35,655.35,-0.01,HOME
00:A0:50:1A:D6:A3 - AirifyW4,28-05-2020 03:25:12,500,0,233,0,2908645,5624108,1695373,5627911,500,655.35,655.35,-0.01,HOME
00:A0:50:1A:D6:A3 - AirifyW4,28-05-2020 03:25:33,500,0,233,0,2908645,5624108,1695373,5627911,500,655.35,655.35,-0.01,HOME
00:A0:50:1A:D6:A3 - AirifyW4,28-05-2020 03:25:54,500,0,234,0,2910269,5624240,1695497,5627978,500,655.35,655.35,-0.01,HOME
00:A0:50:1A:D6:A3 - AirifyW4,28-05-2020 03:26:16,500,0,234,0,2910269,5624240,1695497,5627978,500,655.35,655.35,-0.01,HOME
00:A0:50:1A:D6:A3 - AirifyW4,28-05-2020 03:26:37,500,0,234,0,2910269,5624240,1695497,5627978,500,655.35,655.35,-0.01,HOME
00:A0:50:1A:D6:A3 - AirifyW4,28-05-2020 03:26:58,500,0,238,0,2911911,5624915,1696101,5628112,500,655.35,655.35,-0.01,HOME
00:A0:50:1A:D6:A3 - AirifyW4,28-05-2020 03:27:19,500,0,238,0,2911911,5624915,1696101,5628112,500,655.35,655.35,-0.01,HOME
00:A0:50:1A:D6:A3 - AirifyW4,28-05-2020 03:27:40,500,0,238,0,2911911,5624915,1696101,5628112,500,655.35,655.35,-0.01,HOME
00:A0:50:1A:D6:A3 - AirifyW4,28-05-2020 03:28:01,500,0,236,0,2914092,5624965,1695811,5628028,500,655.35,655.35,-0.01,HOME
00:A0:50:1A:D6:A3 - AirifyW4,28-05-2020 03:28:22,500,0,236,0,2914092,5624965,1695811,5628028,500,655.35,655.35,-0.01,HOME
00:A0:50:1A:D6:A3 - AirifyW4,28-05-2020 03:28:42,500,0,236,0,2914092,5624965,1695811,5628028,500,655.35,655.35,-0.01,HOME
00:A0:50:1A:D6:A3 - AirifyW4,28-05-2020 03:29:03,500,0,235,0,2914652,5625123,1695714,5627833,500,655.35,655.35,-0.01,HOME
00:A0:50:1A:D6:A3 - AirifyW4,28-05-2020 03:29:24,500,0,235,0,2914652,5625123,1695714,5627833,500,655.35,655.35,-0.01,HOME
00:A0:50:1A:D6:A3 - AirifyW4,28-05-2020 03:29:45,500,0,235,0,2914652,5625123,1695714,5627833,500,655.35,655.35,-0.01,HOME
00:A0:50:1A:D6:A3 - AirifyW4,28-05-2020 03:30:27,500,0,231,0,2916053,5625161,1695192,5627768,500,655.35,655.35,-0.01,HOME
00:A0:50:1A:D6:A3 - AirifyW4,28-05-2020 03:30:48,500,0,231,0,2916053,5625161,1695192,5627768,500,655.35,655.35,-0.01,HOME
00:A0:50:1A:D6:A3 - AirifyW4,28-05-2020 03:31:10,500,0,220,0,2901347,5625067,1693709,5627887,500,655.35,655.35,-0.01,HOME
00:A0:50:1A:D6:A3 - AirifyW4,28-05-2020 03:31:31,500,0,220,0,2901347,5625067,1693709,5627887,500,655.35,655.35,-0.01,HOME
00:A0:50:1A:D6:A3 - AirifyW4,28-05-2020 03:31:52,500,0,220,0,2901347,5625067,1693709,5627887,500,655.35,655.35,-0.01,HOME
00:A0:50:1A:D6:A3 - AirifyW4,28-05-2020 03:32:13,500,0,224,0,2895929,5625168,1694236,5628254,500,655.35,655.35,-0.01,HOME
00:A0:50:1A:D6:A3 - AirifyW4,28-05-2020 03:32:34,500,0,224,0,2895929,5625168,1694236,5628254,500,655.35,655.35,-0.01,HOME
00:A0:50:1A:D6:A3 - AirifyW4,28-05-2020 03:32:55,500,0,224,0,2895929,5625168,1694236,5628254,500,655.35,655.35,-0.01,HOME
00:A0:50:1A:D6:A3 - AirifyW4,28-05-2020 03:33:16,500,0,224,0,2895929,5625168,1694236,5628254,500,655.35,655.35,-0.01,HOME
00:A0:50:1A:D6:A3 - AirifyW4,28-05-2020 03:33:37,500,0,224,0,2895929,5625168,1694236,5628254,500,655.35,655.35,-0.01,HOME
00:A0:50:1A:D6:A3 - AirifyW4,28-05-2020 03:33:58,500,0,224,0,2895929,5625168,1694236,5628254,500,655.35,655.35,-0.01,HOME
00:A0:50:1A:D6:A3 - AirifyW4,28-05-2020 03:34:19,500,0,227,0,2894209,5625054,1694672,5628406,500,655.35,655.35,-0.01,HOME
00:A0:50:1A:D6:A3 - AirifyW4,28-05-2020 03:34:40,500,0,227,0,2894209,5625054,1694672,5628406,500,655.35,655.35,-0.01,HOME
00:A0:50:1A:D6:A3 - AirifyW4,28-05-2020 03:35:01,500,0,227,0,2894209,5625054,1694672,5628406,500,655.35,655.35,-0.01,HOME
00:A0:50:1A:D6:A3 - AirifyW4,28-05-2020 03:35:22,500,0,227,0,2894209,5625054,1694672,5628406,500,655.35,655.35,-0.01,HOME
00:A0:50:1A:D6:A3 - AirifyW4,28-05-2020 03:35:43,500,0,228,0,2892227,5625007,1694736,5628345,500,655.35,655.35,-0.01,HOME
00:A0:50:1A:D6:A3 - AirifyW4,28-05-2020 03:36:04,500,0,228,0,2892227,5625007,1694736,5628345,500,655.35,655.35,-0.01,HOME
00:A0:50:1A:D6:A3 - AirifyW4,28-05-2020 03:36:25,500,0,228,0,2892227,5625007,1694736,5628345,500,655.35,655.35,-0.01,HOME
00:A0:50:1A:D6:A3 - AirifyW4,28-05-2020 03:36:46,500,0,225,0,2890378,5624843,1694354,5627904,500,655.35,655.35,-0.01,HOME
00:A0:50:1A:D6:A3 - AirifyW4,28-05-2020 03:37:07,500,0,225,0,2890378,5624843,1694354,5627904,500,655.35,655.35,-0.01,HOME
00:A0:50:1A:D6:A3 - AirifyW4,28-05-2020 03:37:28,500,0,225,0,2890378,5624843,1694354,5627904,500,655.35,655.35,-0.01,HOME
00:A0:50:1A:D6:A3 - AirifyW4,28-05-2020 03:37:49,500,0,226,0,2888505,5624723,1694500,5627583,500,655.35,655.35,-0.01,HOME
00:A0:50:1A:D6:A3 - AirifyW4,28-05-2020 03:38:10,500,0,226,0,2888505,5624723,1694500,5627583,500,655.35,655.35,-0.01,HOME
00:A0:50:1A:D6:A3 - AirifyW4,28-05-2020 03:38:31,500,0,226,0,2888505,5624723,1694500,5627583,500,655.35,655.35,-0.01,HOME
00:A0:50:1A:D6:A3 - AirifyW4,28-05-2020 03:38:52,500,0,222,0,2886889,5624942,1693978,5627414,500,655.35,655.35,-0.01,HOME
00:A0:50:1A:D6:A3 - AirifyW4,28-05-2020 03:39:13,500,0,222,0,2886889,5624942,1693978,5627414,500,655.35,655.35,-0.01,HOME
00:A0:50:1A:D6:A3 - AirifyW4,28-05-2020 03:39:34,500,0,222,0,2886889,5624942,1693978,5627414,500,655.35,655.35,-0.01,HOME
00:A0:50:1A:D6:A3 - AirifyW4,28-05-2020 03:39:55,500,0,228,0,2884955,5625219,1694801,5627186,500,655.35,655.35,-0.01,HOME
00:A0:50:1A:D6:A3 - AirifyW4,28-05-2020 03:40:16,500,0,228,0,2884955,5625219,1694801,5627186,500,655.35,655.35,-0.01,HOME
00:A0:50:1A:D6:A3 - AirifyW4,28-05-2020 03:40:37,500,0,228,0,2884955,5625219,1694801,5627186,500,655.35,655.35,-0.01,HOME
00:A0:50:1A:D6:A3 - AirifyW4,28-05-2020 03:40:58,500,0,219,0,2882877,5625132,1693528,5627186,500,655.35,655.35,-0.01,HOME
00:A0:50:1A:D6:A3 - AirifyW4,28-05-2020 03:41:19,500,0,219,0,2882877,5625132,1693528,5627186,500,655.35,655.35,-0.01,HOME
00:A0:50:1A:D6:A3 - AirifyW4,28-05-2020 03:41:40,500,0,219,0,2882877,5625132,1693528,5627186,500,655.35,655.35,-0.01,HOME
00:A0:50:1A:D6:A3 - AirifyW4,28-05-2020 03:42:01,500,0,217,0,2880896,5625076,1693360,5626712,500,655.35,655.35,-0.01,HOME
00:A0:50:1A:D6:A3 - AirifyW4,28-05-2020 03:42:22,500,0,217,0,2880896,5625076,1693360,5626712,500,655.35,655.35,-0.01,HOME
00:A0:50:1A:D6:A3 - AirifyW4,28-05-2020 03:42:43,500,0,217,0,2880896,5625076,1693360,5626712,500,655.35,655.35,-0.01,HOME
00:A0:50:1A:D6:A3 - AirifyW4,28-05-2020 03:43:04,500,0,218,0,2878642,5624888,1693434,5626564,500,655.35,655.35,-0.01,HOME
00:A0:50:1A:D6:A3 - AirifyW4,28-05-2020 03:43:25,500,0,218,0,2878642,5624888,1693434,5626564,500,655.35,655.35,-0.01,HOME
00:A0:50:1A:D6:A3 - AirifyW4,28-05-2020 03:43:46,500,0,218,0,2878642,5624888,1693434,5626564,500,655.35,655.35,-0.01,HOME
00:A0:50:1A:D6:A3 - AirifyW4,28-05-2020 03:44:07,500,0,216,0,2877202,5625060,1693147,5626258,500,655.35,655.35,-0.01,HOME
00:A0:50:1A:D6:A3 - AirifyW4,28-05-2020 03:44:28,500,0,216,0,2877202,5625060,1693147,5626258,500,655.35,655.35,-0.01,HOME
00:A0:50:1A:D6:A3 - AirifyW4,28-05-2020 03:44:49,500,0,216,0,2877202,5625060,1693147,5626258,500,655.35,655.35,-0.01,HOME
00:A0:50:1A:D6:A3 - AirifyW4,28-05-2020 03:45:10,500,0,222,0,2875355,5624903,1693983,5625773,500,655.35,655.35,-0.01,HOME
00:A0:50:1A:D6:A3 - AirifyW4,28-05-2020 03:45:31,500,0,222,0,2875355,5624903,1693983,5625773,500,655.35,655.35,-0.01,HOME
00:A0:50:1A:D6:A3 - AirifyW4,28-05-2020 03:45:52,500,0,222,0,2875355,5624903,1693983,5625773,500,655.35,655.35,-0.01,HOME
00:A0:50:1A:D6:A3 - AirifyW4,28-05-2020 03:46:13,500,0,218,0,2873143,5624517,1693439,5625966,500,655.35,655.35,-0.01,HOME
00:A0:50:1A:D6:A3 - AirifyW4,28-05-2020 03:46:34,500,0,218,0,2873143,5624517,1693439,5625966,500,655.35,655.35,-0.01,HOME
00:A0:50:1A:D6:A3 - AirifyW4,28-05-2020 03:46:55,500,0,218,0,2873143,5624517,1693439,5625966,500,655.35,655.35,-0.01,HOME
00:A0:50:1A:D6:A3 - AirifyW4,28-05-2020 03:47:16,500,0,221,0,2871657,5623742,1693778,5626069,500,655.35,655.35,-0.01,HOME
00:A0:50:1A:D6:A3 - AirifyW4,28-05-2020 03:47:37,500,0,221,0,2871657,5623742,1693778,5626069,500,655.35,655.35,-0.01,HOME
00:A0:50:1A:D6:A3 - AirifyW4,28-05-2020 03:47:58,500,0,221,0,2871657,5623742,1693778,5626069,500,655.35,655.35,-0.01,HOME
00:A0:50:1A:D6:A3 - AirifyW4,28-05-2020 03:48:19,500,0,224,0,2869969,5623749,1694279,5625649,500,655.35,655.35,-0.01,HOME
00:A0:50:1A:D6:A3 - AirifyW4,28-05-2020 03:48:40,500,0,224,0,2869969,5623749,1694279,5625649,500,655.35,655.35,-0.01,HOME
00:A0:50:1A:D6:A3 - AirifyW4,28-05-2020 03:49:02,500,0,224,0,2869969,5623749,1694279,5625649,500,655.35,655.35,-0.01,HOME
00:A0:50:1A:D6:A3 - AirifyW4,28-05-2020 03:49:23,500,0,226,0,2868538,5623906,1694467,5625240,500,655.35,655.35,-0.01,HOME
00:A0:50:1A:D6:A3 - AirifyW4,28-05-2020 03:49:44,500,0,226,0,2868538,5623906,1694467,5625240,500,655.35,655.35,-0.01,HOME
00:A0:50:1A:D6:A3 - AirifyW4,28-05-2020 03:50:05,500,0,226,0,2868538,5623906,1694467,5625240,500,655.35,655.35,-0.01,HOME
00:A0:50:1A:D6:A3 - AirifyW4,28-05-2020 03:50:26,500,0,221,0,2867227,5623634,1693798,5624909,500,655.35,655.35,-0.01,HOME
00:A0:50:1A:D6:A3 - AirifyW4,28-05-2020 03:50:47,500,0,221,0,2867227,5623634,1693798,5624909,500,655.35,655.35,-0.01,HOME
00:A0:50:1A:D6:A3 - AirifyW4,28-05-2020 03:51:08,500,0,221,0,2867227,5623634,1693798,5624909,500,655.35,655.35,-0.01,HOME
00:A0:50:1A:D6:A3 - AirifyW4,28-05-2020 03:51:29,500,0,221,0,2867227,5623634,1693798,5624909,500,655.35,655.35,-0.01,HOME
00:A0:50:1A:D6:A3 - AirifyW4,28-05-2020 03:51:50,500,0,221,0,2867227,5623634,1693798,5624909,500,655.35,655.35,-0.01,HOME
00:A0:50:1A:D6:A3 - AirifyW4,28-05-2020 03:52:11,500,0,221,0,2867227,5623634,1693798,5624909,500,655.35,655.35,-0.01,HOME
00:A0:50:1A:D6:A3 - AirifyW4,28-05-2020 03:52:32,500,0,214,0,2864860,5623820,1692931,5624751,500,655.35,655.35,-0.01,HOME
00:A0:50:1A:D6:A3 - AirifyW4,28-05-2020 03:52:53,500,0,214,0,2864860,5623820,1692931,5624751,500,655.35,655.35,-0.01,HOME
00:A0:50:1A:D6:A3 - AirifyW4,28-05-2020 03:53:14,500,0,214,0,2864860,5623820,1692931,5624751,500,655.35,655.35,-0.01,HOME
00:A0:50:1A:D6:A3 - AirifyW4,28-05-2020 03:53:35,500,0,213,0,2863140,5623664,1692746,5624676,500,655.35,655.35,-0.01,HOME
00:A0:50:1A:D6:A3 - AirifyW4,28-05-2020 03:53:56,500,0,213,0,2863140,5623664,1692746,5624676,500,655.35,655.35,-0.01,HOME
00:A0:50:1A:D6:A3 - AirifyW4,28-05-2020 03:54:17,500,0,213,0,2863140,5623664,1692746,5624676,500,655.35,655.35,-0.01,HOME
00:A0:50:1A:D6:A3 - AirifyW4,28-05-2020 03:54:38,500,0,212,0,2861471,5623743,1692700,5625072,500,655.35,655.35,-0.01,HOME
00:A0:50:1A:D6:A3 - AirifyW4,28-05-2020 03:54:59,500,0,212,0,2861471,5623743,1692700,5625072,500,655.35,655.35,-0.01,HOME
00:A0:50:1A:D6:A3 - AirifyW4,28-05-2020 03:55:20,500,0,212,0,2861471,5623743,1692700,5625072,500,655.35,655.35,-0.01,HOME
00:A0:50:1A:D6:A3 - AirifyW4,28-05-2020 03:55:41,500,0,212,0,2859581,5623691,1692596,5625057,500,655.35,655.35,-0.01,HOME
00:A0:50:1A:D6:A3 - AirifyW4,28-05-2020 03:56:02,500,0,212,0,2859581,5623691,1692596,5625057,500,655.35,655.35,-0.01,HOME
00:A0:50:1A:D6:A3 - AirifyW4,28-05-2020 03:56:23,500,0,212,0,2859581,5623691,1692596,5625057,500,655.35,655.35,-0.01,HOME
00:A0:50:1A:D6:A3 - AirifyW4,28-05-2020 03:56:44,500,0,213,0,2857374,5623734,1692823,5625185,500,655.35,655.35,-0.01,HOME
00:A0:50:1A:D6:A3 - AirifyW4,28-05-2020 03:57:05,500,0,213,0,2857374,5623734,1692823,5625185,500,655.35,655.35,-0.01,HOME
00:A0:50:1A:D6:A3 - AirifyW4,28-05-2020 03:57:26,500,0,213,0,2857374,5623734,1692823,5625185,500,655.35,655.35,-0.01,HOME
00:A0:50:1A:D6:A3 - AirifyW4,28-05-2020 03:57:47,500,0,209,0,2855588,5623606,1692264,5625803,500,655.35,655.35,-0.01,HOME
00:A0:50:1A:D6:A3 - AirifyW4,28-05-2020 03:58:08,500,0,209,0,2855588,5623606,1692264,5625803,500,655.35,655.35,-0.01,HOME
00:A0:50:1A:D6:A3 - AirifyW4,28-05-2020 03:58:29,500,0,209,0,2855588,5623606,1692264,5625803,500,655.35,655.35,-0.01,HOME
00:A0:50:1A:D6:A3 - AirifyW4,28-05-2020 03:58:50,500,0,209,0,2855588,5623606,1692264,5625803,500,655.35,655.35,-0.01,HOME
00:A0:50:1A:D6:A3 - AirifyW4,28-05-2020 03:59:11,500,0,217,0,2853709,5623646,1693297,5625289,500,655.35,655.35,-0.01,HOME
00:A0:50:1A:D6:A3 - AirifyW4,28-05-2020 03:59:32,500,0,217,0,2853709,5623646,1693297,5625289,500,655.35,655.35,-0.01,HOME
00:A0:50:1A:D6:A3 - AirifyW4,28-05-2020 04:00:14,500,0,216,0,2852074,5623676,1693190,5625594,500,655.35,655.35,-0.01,HOME
00:A0:50:1A:D6:A3 - AirifyW4,28-05-2020 04:00:35,500,0,216,0,2852074,5623676,1693190,5625594,500,655.35,655.35,-0.01,HOME
00:A0:50:1A:D6:A3 - AirifyW4,28-05-2020 04:00:56,500,0,216,0,2852074,5623676,1693190,5625594,500,655.35,655.35,-0.01,HOME
00:A0:50:1A:D6:A3 - AirifyW4,28-05-2020 04:01:17,500,0,215,0,2850779,5623669,1692988,5625898,500,655.35,655.35,-0.01,HOME
00:A0:50:1A:D6:A3 - AirifyW4,28-05-2020 04:01:38,500,0,215,0,2850779,5623669,1692988,5625898,500,655.35,655.35,-0.01,HOME
00:A0:50:1A:D6:A3 - AirifyW4,28-05-2020 04:01:59,500,0,215,0,2850779,5623669,1692988,5625898,500,655.35,655.35,-0.01,HOME
00:A0:50:1A:D6:A3 - AirifyW4,28-05-2020 04:02:20,500,0,216,0,2848920,5623808,1693149,5625321,500,655.35,655.35,-0.01,HOME
00:A0:50:1A:D6:A3 - AirifyW4,28-05-2020 04:02:41,500,0,216,0,2848920,5623808,1693149,5625321,500,655.35,655.35,-0.01,HOME
00:A0:50:1A:D6:A3 - AirifyW4,28-05-2020 04:03:02,500,0,216,0,2848920,5623808,1693149,5625321,500,655.35,655.35,-0.01,HOME
00:A0:50:1A:D6:A3 - AirifyW4,28-05-2020 04:03:23,500,0,211,0,2847677,5623561,1692523,5625350,500,655.35,655.35,-0.01,HOME
00:A0:50:1A:D6:A3 - AirifyW4,28-05-2020 04:03:44,500,0,211,0,2847677,5623561,1692523,5625350,500,655.35,655.35,-0.01,HOME
00:A0:50:1A:D6:A3 - AirifyW4,28-05-2020 04:04:05,500,0,211,0,2847677,5623561,1692523,5625350,500,655.35,655.35,-0.01,HOME
00:A0:50:1A:D6:A3 - AirifyW4,28-05-2020 04:04:26,500,0,215,0,2846332,5623964,1692968,5624769,500,655.35,655.35,-0.01,HOME
00:A0:50:1A:D6:A3 - AirifyW4,28-05-2020 04:04:47,500,0,215,0,2846332,5623964,1692968,5624769,500,655.35,655.35,-0.01,HOME
00:A0:50:1A:D6:A3 - AirifyW4,28-05-2020 04:05:08,500,0,215,0,2846332,5623964,1692968,5624769,500,655.35,655.35,-0.01,HOME
00:A0:50:1A:D6:A3 - AirifyW4,28-05-2020 04:05:29,500,0,219,0,2845450,5624573,1693543,5624561,500,655.35,655.35,-0.01,HOME
00:A0:50:1A:D6:A3 - AirifyW4,28-05-2020 04:05:50,500,0,219,0,2845450,5624573,1693543,5624561,500,655.35,655.35,-0.01,HOME
00:A0:50:1A:D6:A3 - AirifyW4,28-05-2020 04:06:11,500,0,219,0,2845450,5624573,1693543,5624561,500,655.35,655.35,-0.01,HOME
00:A0:50:1A:D6:A3 - AirifyW4,28-05-2020 04:06:32,500,0,219,0,2845337,5624312,1693525,5624736,500,655.35,655.35,-0.01,HOME
00:A0:50:1A:D6:A3 - AirifyW4,28-05-2020 04:06:53,500,0,219,0,2845337,5624312,1693525,5624736,500,655.35,655.35,-0.01,HOME
00:A0:50:1A:D6:A3 - AirifyW4,28-05-2020 04:07:14,500,0,219,0,2845337,5624312,1693525,5624736,500,655.35,655.35,-0.01,HOME
00:A0:50:1A:D6:A3 - AirifyW4,28-05-2020 04:07:35,500,0,222,0,2844700,5623752,1693939,5624802,500,655.35,655.35,-0.01,HOME
00:A0:50:1A:D6:A3 - AirifyW4,28-05-2020 04:07:57,500,0,222,0,2844700,5623752,1693939,5624802,500,655.35,655.35,-0.01,HOME
00:A0:50:1A:D6:A3 - AirifyW4,28-05-2020 04:08:18,500,0,222,0,2844700,5623752,1693939,5624802,500,655.35,655.35,-0.01,HOME
00:A0:50:1A:D6:A3 - AirifyW4,28-05-2020 04:08:39,500,0,229,0,2843818,5623621,1694823,5624754,500,655.35,655.35,-0.01,HOME
00:A0:50:1A:D6:A3 - AirifyW4,28-05-2020 04:09:00,500,0,229,0,2843818,5623621,1694823,5624754,500,655.35,655.35,-0.01,HOME
00:A0:50:1A:D6:A3 - AirifyW4,28-05-2020 04:09:21,500,0,229,0,2843818,5623621,1694823,5624754,500,655.35,655.35,-0.01,HOME
00:A0:50:1A:D6:A3 - AirifyW4,28-05-2020 04:09:42,500,0,229,0,2843818,5623621,1694823,5624754,500,655.35,655.35,-0.01,HOME
00:A0:50:1A:D6:A3 - AirifyW4,28-05-2020 04:10:03,500,0,229,0,2843818,5623621,1694823,5624754,500,655.35,655.35,-0.01,HOME
00:A0:50:1A:D6:A3 - AirifyW4,28-05-2020 04:10:24,500,0,229,0,2843818,5623621,1694823,5624754,500,655.35,655.35,-0.01,HOME
00:A0:50:1A:D6:A3 - AirifyW4,28-05-2020 04:10:45,500,0,225,0,2842916,5623569,1694358,5625355,500,655.35,655.35,-0.01,HOME
00:A0:50:1A:D6:A3 - AirifyW4,28-05-2020 04:11:06,500,0,225,0,2842916,5623569,1694358,5625355,500,655.35,655.35,-0.01,HOME
00:A0:50:1A:D6:A3 - AirifyW4,28-05-2020 04:11:27,500,0,225,0,2842916,5623569,1694358,5625355,500,655.35,655.35,-0.01,HOME
00:A0:50:1A:D6:A3 - AirifyW4,28-05-2020 04:11:48,500,0,224,0,2842390,5624011,1694159,5625740,500,655.35,655.35,-0.01,HOME
00:A0:50:1A:D6:A3 - AirifyW4,28-05-2020 04:12:09,500,0,224,0,2842390,5624011,1694159,5625740,500,655.35,655.35,-0.01,HOME
00:A0:50:1A:D6:A3 - AirifyW4,28-05-2020 04:12:30,500,0,224,0,2842390,5624011,1694159,5625740,500,655.35,655.35,-0.01,HOME
00:A0:50:1A:D6:A3 - AirifyW4,28-05-2020 04:12:51,500,0,225,0,2841834,5624149,1694345,5625782,500,655.35,655.35,-0.01,HOME
00:A0:50:1A:D6:A3 - AirifyW4,28-05-2020 04:13:12,500,0,225,0,2841834,5624149,1694345,5625782,500,655.35,655.35,-0.01,HOME
00:A0:50:1A:D6:A3 - AirifyW4,28-05-2020 04:13:33,500,0,225,0,2841834,5624149,1694345,5625782,500,655.35,655.35,-0.01,HOME
00:A0:50:1A:D6:A3 - AirifyW4,28-05-2020 04:13:54,500,0,220,0,2841165,5624043,1693671,5625551,500,655.35,655.35,-0.01,HOME
00:A0:50:1A:D6:A3 - AirifyW4,28-05-2020 04:14:15,500,0,220,0,2841165,5624043,1693671,5625551,500,655.35,655.35,-0.01,HOME
00:A0:50:1A:D6:A3 - AirifyW4,28-05-2020 04:14:36,500,0,220,0,2841165,5624043,1693671,5625551,500,655.35,655.35,-0.01,HOME
00:A0:50:1A:D6:A3 - AirifyW4,28-05-2020 04:14:57,500,0,213,0,2840449,5623983,1692831,5625684,500,655.35,655.35,-0.01,HOME
00:A0:50:1A:D6:A3 - AirifyW4,28-05-2020 04:15:18,500,0,213,0,2840449,5623983,1692831,5625684,500,655.35,655.35,-0.01,HOME
00:A0:50:1A:D6:A3 - AirifyW4,28-05-2020 04:15:39,500,0,213,0,2840449,5623983,1692831,5625684,500,655.35,655.35,-0.01,HOME
00:A0:50:1A:D6:A3 - AirifyW4,28-05-2020 04:16:00,500,0,218,0,2839792,5623697,1693365,5624816,500,655.35,655.35,-0.01,HOME
00:A0:50:1A:D6:A3 - AirifyW4,28-05-2020 04:16:21,500,0,218,0,2839792,5623697,1693365,5624816,500,655.35,655.35,-0.01,HOME
00:A0:50:1A:D6:A3 - AirifyW4,28-05-2020 04:16:42,500,0,218,0,2839792,5623697,1693365,5624816,500,655.35,655.35,-0.01,HOME
00:A0:50:1A:D6:A3 - AirifyW4,28-05-2020 04:17:03,500,0,216,0,2838784,5623661,1693132,5625289,500,655.35,655.35,-0.01,HOME
00:A0:50:1A:D6:A3 - AirifyW4,28-05-2020 04:17:24,500,0,216,0,2838784,5623661,1693132,5625289,500,655.35,655.35,-0.01,HOME
00:A0:50:1A:D6:A3 - AirifyW4,28-05-2020 04:17:45,500,0,216,0,2838784,5623661,1693132,5625289,500,655.35,655.35,-0.01,HOME
00:A0:50:1A:D6:A3 - AirifyW4,28-05-2020 04:18:06,500,0,217,0,2838099,5623589,1693275,5625370,500,655.35,655.35,-0.01,HOME
00:A0:50:1A:D6:A3 - AirifyW4,28-05-2020 04:18:48,500,0,217,0,2838099,5623589,1693275,5625370,500,655.35,655.35,-0.01,HOME
00:A0:50:1A:D6:A3 - AirifyW4,28-05-2020 04:19:30,500,0,215,0,2836402,5623858,1693054,5625317,500,655.35,655.35,-0.01,HOME
00:A0:50:1A:D6:A3 - AirifyW4,28-05-2020 04:19:51,500,0,215,0,2836402,5623858,1693054,5625317,500,655.35,655.35,-0.01,HOME
00:A0:50:1A:D6:A3 - AirifyW4,28-05-2020 04:20:12,500,0,212,0,2834726,5623523,1692577,5625768,500,655.35,655.35,-0.01,HOME
00:A0:50:1A:D6:A3 - AirifyW4,28-05-2020 04:20:33,500,0,212,0,2834726,5623523,1692577,5625768,500,655.35,655.35,-0.01,HOME
00:A0:50:1A:D6:A3 - AirifyW4,28-05-2020 04:20:54,500,0,212,0,2834726,5623523,1692577,5625768,500,655.35,655.35,-0.01,HOME
00:A0:50:1A:D6:A3 - AirifyW4,28-05-2020 04:21:15,500,0,212,0,2833287,5623725,1692687,5625918,500,655.35,655.35,-0.01,HOME
00:A0:50:1A:D6:A3 - AirifyW4,28-05-2020 04:21:36,500,0,212,0,2833287,5623725,1692687,5625918,500,655.35,655.35,-0.01,HOME
00:A0:50:1A:D6:A3 - AirifyW4,28-05-2020 04:21:57,500,0,212,0,2833287,5623725,1692687,5625918,500,655.35,655.35,-0.01,HOME
00:A0:50:1A:D6:A3 - AirifyW4,28-05-2020 04:22:18,500,0,212,0,2833287,5623725,1692687,5625918,500,655.35,655.35,-0.01,HOME
00:A0:50:1A:D6:A3 - AirifyW4,28-05-2020 04:22:39,500,0,208,0,2832219,5623603,1692142,5626748,500,655.35,655.35,-0.01,HOME
00:A0:50:1A:D6:A3 - AirifyW4,28-05-2020 04:23:00,500,0,208,0,2832219,5623603,1692142,5626748,500,655.35,655.35,-0.01,HOME
00:A0:50:1A:D6:A3 - AirifyW4,28-05-2020 04:23:21,500,0,208,0,2832219,5623603,1692142,5626748,500,655.35,655.35,-0.01,HOME
00:A0:50:1A:D6:A3 - AirifyW4,28-05-2020 04:23:42,500,0,202,0,2829918,5623569,1691294,5626580,500,655.35,655.35,-0.01,HOME
00:A0:50:1A:D6:A3 - AirifyW4,28-05-2020 04:24:03,500,0,202,0,2829918,5623569,1691294,5626580,500,655.35,655.35,-0.01,HOME
00:A0:50:1A:D6:A3 - AirifyW4,28-05-2020 04:24:24,500,0,202,0,2829918,5623569,1691294,5626580,500,655.35,655.35,-0.01,HOME
00:A0:50:1A:D6:A3 - AirifyW4,28-05-2020 04:24:45,500,0,194,0,2826933,5623790,1690514,5627060,500,655.35,655.35,-0.01,HOME
00:A0:50:1A:D6:A3 - AirifyW4,28-05-2020 04:25:06,500,0,194,0,2826933,5623790,1690514,5627060,500,655.35,655.35,-0.01,HOME
00:A0:50:1A:D6:A3 - AirifyW4,28-05-2020 04:25:27,500,0,194,0,2826933,5623790,1690514,5627060,500,655.35,655.35,-0.01,HOME
00:A0:50:1A:D6:A3 - AirifyW4,28-05-2020 04:25:48,500,0,195,0,2824045,5624081,1690600,5627606,500,655.35,655.35,-0.01,HOME
00:A0:50:1A:D6:A3 - AirifyW4,28-05-2020 04:26:09,500,0,195,0,2824045,5624081,1690600,5627606,500,655.35,655.35,-0.01,HOME
00:A0:50:1A:D6:A3 - AirifyW4,28-05-2020 04:26:30,500,0,195,0,2824045,5624081,1690600,5627606,500,655.35,655.35,-0.01,HOME
00:A0:50:1A:D6:A3 - AirifyW4,28-05-2020 04:26:51,500,0,178,0,2821489,5624386,1688794,5627665,500,655.35,655.35,-0.01,HOME
00:A0:50:1A:D6:A3 - AirifyW4,28-05-2020 04:27:12,500,0,178,0,2821489,5624386,1688794,5627665,500,655.35,655.35,-0.01,HOME
00:A0:50:1A:D6:A3 - AirifyW4,28-05-2020 04:27:33,500,0,178,0,2821489,5624386,1688794,5627665,500,655.35,655.35,-0.01,HOME
00:A0:50:1A:D6:A3 - AirifyW4,28-05-2020 04:27:54,500,0,178,0,2821489,5624386,1688794,5627665,500,655.35,655.35,-0.01,HOME
00:A0:50:1A:D6:A3 - AirifyW4,28-05-2020 04:28:15,500,0,178,0,2821489,5624386,1688794,5627665,500,655.35,655.35,-0.01,HOME
00:A0:50:1A:D6:A3 - AirifyW4,28-05-2020 04:28:36,500,0,178,0,2821489,5624386,1688794,5627665,500,655.35,655.35,-0.01,HOME
00:A0:50:1A:D6:A3 - AirifyW4,28-05-2020 04:28:57,500,0,185,0,2819539,5624697,1689519,5626796,500,655.35,655.35,-0.01,HOME
00:A0:50:1A:D6:A3 - AirifyW4,28-05-2020 04:29:18,500,0,185,0,2819539,5624697,1689519,5626796,500,655.35,655.35,-0.01,HOME
00:A0:50:1A:D6:A3 - AirifyW4,28-05-2020 04:29:39,500,0,185,0,2819539,5624697,1689519,5626796,500,655.35,655.35,-0.01,HOME
00:A0:50:1A:D6:A3 - AirifyW4,28-05-2020 04:30:01,500,0,184,0,2816698,5624444,1689507,5626467,500,655.35,655.35,-0.01,HOME
00:A0:50:1A:D6:A3 - AirifyW4,28-05-2020 04:30:22,500,0,184,0,2816698,5624444,1689507,5626467,500,655.35,655.35,-0.01,HOME
00:A0:50:1A:D6:A3 - AirifyW4,28-05-2020 04:31:04,500,0,177,0,2814188,5624495,1688750,5626020,500,655.35,655.35,-0.01,HOME
00:A0:50:1A:D6:A3 - AirifyW4,28-05-2020 04:31:25,500,0,177,0,2814188,5624495,1688750,5626020,500,655.35,655.35,-0.01,HOME
00:A0:50:1A:D6:A3 - AirifyW4,28-05-2020 04:31:46,500,0,177,0,2814188,5624495,1688750,5626020,500,655.35,655.35,-0.01,HOME
00:A0:50:1A:D6:A3 - AirifyW4,28-05-2020 04:32:07,500,0,181,0,2811744,5624866,1689146,5626114,500,655.35,655.35,-0.01,HOME
00:A0:50:1A:D6:A3 - AirifyW4,28-05-2020 04:32:28,500,0,181,0,2811744,5624866,1689146,5626114,500,655.35,655.35,-0.01,HOME
00:A0:50:1A:D6:A3 - AirifyW4,28-05-2020 04:32:49,500,0,181,0,2811744,5624866,1689146,5626114,500,655.35,655.35,-0.01,HOME
00:A0:50:1A:D6:A3 - AirifyW4,28-05-2020 04:33:10,500,0,184,0,2809303,5625065,1689435,5625976,500,655.35,655.35,-0.01,HOME
00:A0:50:1A:D6:A3 - AirifyW4,28-05-2020 04:33:31,500,0,184,0,2809303,5625065,1689435,5625976,500,655.35,655.35,-0.01,HOME
00:A0:50:1A:D6:A3 - AirifyW4,28-05-2020 04:33:52,500,0,184,0,2809303,5625065,1689435,5625976,500,655.35,655.35,-0.01,HOME
00:A0:50:1A:D6:A3 - AirifyW4,28-05-2020 04:34:13,500,0,179,0,2807225,5625177,1688883,5626134,500,655.35,655.35,-0.01,HOME
00:A0:50:1A:D6:A3 - AirifyW4,28-05-2020 04:34:34,500,0,179,0,2807225,5625177,1688883,5626134,500,655.35,655.35,-0.01,HOME
00:A0:50:1A:D6:A3 - AirifyW4,28-05-2020 04:34:55,500,0,179,0,2807225,5625177,1688883,5626134,500,655.35,655.35,-0.01,HOME
00:A0:50:1A:D6:A3 - AirifyW4,28-05-2020 04:35:16,500,0,176,0,2805352,5625207,1688590,5626561,500,655.35,655.35,-0.01,HOME
00:A0:50:1A:D6:A3 - AirifyW4,28-05-2020 04:35:37,500,0,176,0,2805352,5625207,1688590,5626561,500,655.35,655.35,-0.01,HOME
00:A0:50:1A:D6:A3 - AirifyW4,28-05-2020 04:35:58,500,0,176,0,2805352,5625207,1688590,5626561,500,655.35,655.35,-0.01,HOME
00:A0:50:1A:D6:A3 - AirifyW4,28-05-2020 04:36:19,500,0,164,0,2802168,5625409,1687343,5626746,500,655.35,655.35,-0.01,HOME
00:A0:50:1A:D6:A3 - AirifyW4,28-05-2020 04:36:40,500,0,164,0,2802168,5625409,1687343,5626746,500,655.35,655.35,-0.01,HOME
00:A0:50:1A:D6:A3 - AirifyW4,28-05-2020 04:37:01,500,0,164,0,2802168,5625409,1687343,5626746,500,655.35,655.35,-0.01,HOME
00:A0:50:1A:D6:A3 - AirifyW4,28-05-2020 04:37:22,500,0,165,0,2799741,5625099,1687417,5627017,500,655.35,655.35,-0.01,HOME
00:A0:50:1A:D6:A3 - AirifyW4,28-05-2020 04:37:43,500,0,165,0,2799741,5625099,1687417,5627017,500,655.35,655.35,-0.01,HOME
00:A0:50:1A:D6:A3 - AirifyW4,28-05-2020 04:38:04,500,0,165,0,2799741,5625099,1687417,5627017,500,655.35,655.35,-0.01,HOME
00:A0:50:1A:D6:A3 - AirifyW4,28-05-2020 04:38:25,500,0,170,0,2797177,5625269,1688005,5627257,500,655.35,655.35,-0.01,HOME
00:A0:50:1A:D6:A3 - AirifyW4,28-05-2020 04:38:46,500,0,170,0,2797177,5625269,1688005,5627257,500,655.35,655.35,-0.01,HOME
00:A0:50:1A:D6:A3 - AirifyW4,28-05-2020 04:39:07,500,0,170,0,2797177,5625269,1688005,5627257,500,655.35,655.35,-0.01,HOME
00:A0:50:1A:D6:A3 - AirifyW4,28-05-2020 04:39:28,500,0,162,0,2794677,5625121,1687192,5627642,500,655.35,655.35,-0.01,HOME
00:A0:50:1A:D6:A3 - AirifyW4,28-05-2020 04:39:49,500,0,162,0,2794677,5625121,1687192,5627642,500,655.35,655.35,-0.01,HOME
00:A0:50:1A:D6:A3 - AirifyW4,28-05-2020 04:40:10,500,0,162,0,2794677,5625121,1687192,5627642,500,655.35,655.35,-0.01,HOME
00:A0:50:1A:D6:A3 - AirifyW4,28-05-2020 04:40:31,500,0,164,0,2792614,5625268,1687319,5627268,500,655.35,655.35,-0.01,HOME
00:A0:50:1A:D6:A3 - AirifyW4,28-05-2020 04:40:52,500,0,164,0,2792614,5625268,1687319,5627268,500,655.35,655.35,-0.01,HOME
00:A0:50:1A:D6:A3 - AirifyW4,28-05-2020 04:41:13,500,0,164,0,2792614,5625268,1687319,5627268,500,655.35,655.35,-0.01,HOME
00:A0:50:1A:D6:A3 - AirifyW4,28-05-2020 04:41:34,500,0,165,0,2790885,5625032,1687452,5627125,500,655.35,655.35,-0.01,HOME
00:A0:50:1A:D6:A3 - AirifyW4,28-05-2020 04:41:55,500,0,165,0,2790885,5625032,1687452,5627125,500,655.35,655.35,-0.01,HOME
00:A0:50:1A:D6:A3 - AirifyW4,28-05-2020 04:42:16,500,0,165,0,2790885,5625032,1687452,5627125,500,655.35,655.35,-0.01,HOME
00:A0:50:1A:D6:A3 - AirifyW4,28-05-2020 04:42:37,500,0,173,0,2789335,5625170,1688259,5626690,500,655.35,655.35,-0.01,HOME
00:A0:50:1A:D6:A3 - AirifyW4,28-05-2020 04:42:58,500,0,173,0,2789335,5625170,1688259,5626690,500,655.35,655.35,-0.01,HOME
00:A0:50:1A:D6:A3 - AirifyW4,28-05-2020 04:43:19,500,0,173,0,2789335,5625170,1688259,5626690,500,655.35,655.35,-0.01,HOME
00:A0:50:1A:D6:A3 - AirifyW4,28-05-2020 04:43:40,500,0,167,0,2787739,5625206,1687682,5626912,500,655.35,655.35,-0.01,HOME
00:A0:50:1A:D6:A3 - AirifyW4,28-05-2020 04:44:01,500,0,167,0,2787739,5625206,1687682,5626912,500,655.35,655.35,-0.01,HOME
00:A0:50:1A:D6:A3 - AirifyW4,28-05-2020 04:44:22,500,0,167,0,2787739,5625206,1687682,5626912,500,655.35,655.35,-0.01,HOME
00:A0:50:1A:D6:A3 - AirifyW4,28-05-2020 04:44:43,500,0,174,0,2786673,5625109,1688427,5626975,500,655.35,655.35,-0.01,HOME
00:A0:50:1A:D6:A3 - AirifyW4,28-05-2020 04:45:04,500,0,174,0,2786673,5625109,1688427,5626975,500,655.35,655.35,-0.01,HOME
00:A0:50:1A:D6:A3 - AirifyW4,28-05-2020 04:45:25,500,0,174,0,2786673,5625109,1688427,5626975,500,655.35,655.35,-0.01,HOME
00:A0:50:1A:D6:A3 - AirifyW4,28-05-2020 04:45:46,500,0,174,0,2786673,5625109,1688427,5626975,500,655.35,655.35,-0.01,HOME
00:A0:50:1A:D6:A3 - AirifyW4,28-05-2020 04:46:07,500,0,174,0,2786673,5625109,1688427,5626975,500,655.35,655.35,-0.01,HOME
00:A0:50:1A:D6:A3 - AirifyW4,28-05-2020 04:46:28,500,0,174,0,2786673,5625109,1688427,5626975,500,655.35,655.35,-0.01,HOME
00:A0:50:1A:D6:A3 - AirifyW4,28-05-2020 04:46:49,500,0,174,0,2786673,5625109,1688427,5626975,500,655.35,655.35,-0.01,HOME
00:A0:50:1A:D6:A3 - AirifyW4,28-05-2020 04:47:10,500,0,179,0,2785828,5625000,1688982,5627112,500,655.35,655.35,-0.01,HOME
00:A0:50:1A:D6:A3 - AirifyW4,28-05-2020 04:47:31,500,0,179,0,2785828,5625000,1688982,5627112,500,655.35,655.35,-0.01,HOME
00:A0:50:1A:D6:A3 - AirifyW4,28-05-2020 04:47:52,500,0,179,0,2785828,5625000,1688982,5627112,500,655.35,655.35,-0.01,HOME
00:A0:50:1A:D6:A3 - AirifyW4,28-05-2020 04:48:13,500,0,176,0,2785611,5625257,1688608,5627477,500,655.35,655.35,-0.01,HOME
00:A0:50:1A:D6:A3 - AirifyW4,28-05-2020 04:48:34,500,0,176,0,2785611,5625257,1688608,5627477,500,655.35,655.35,-0.01,HOME
00:A0:50:1A:D6:A3 - AirifyW4,28-05-2020 04:48:56,500,0,176,0,2785611,5625257,1688608,5627477,500,655.35,655.35,-0.01,HOME
00:A0:50:1A:D6:A3 - AirifyW4,28-05-2020 04:49:17,500,0,175,0,2784686,5624945,1688462,5628034,500,655.35,655.35,-0.01,HOME
00:A0:50:1A:D6:A3 - AirifyW4,28-05-2020 04:49:38,500,0,175,0,2784686,5624945,1688462,5628034,500,655.35,655.35,-0.01,HOME
00:A0:50:1A:D6:A3 - AirifyW4,28-05-2020 04:49:59,500,0,175,0,2784686,5624945,1688462,5628034,500,655.35,655.35,-0.01,HOME
00:A0:50:1A:D6:A3 - AirifyW4,28-05-2020 04:50:20,500,0,170,0,2783448,5624857,1687932,5628260,500,655.35,655.35,-0.01,HOME
00:A0:50:1A:D6:A3 - AirifyW4,28-05-2020 04:50:41,500,0,170,0,2783448,5624857,1687932,5628260,500,655.35,655.35,-0.01,HOME
00:A0:50:1A:D6:A3 - AirifyW4,28-05-2020 04:51:02,500,0,170,0,2783448,5624857,1687932,5628260,500,655.35,655.35,-0.01,HOME
00:A0:50:1A:D6:A3 - AirifyW4,28-05-2020 04:51:23,500,0,169,0,2782014,5624530,1687903,5628035,500,655.35,655.35,-0.01,HOME
00:A0:50:1A:D6:A3 - AirifyW4,28-05-2020 04:51:44,500,0,169,0,2782014,5624530,1687903,5628035,500,655.35,655.35,-0.01,HOME
00:A0:50:1A:D6:A3 - AirifyW4,28-05-2020 04:52:05,500,0,169,0,2782014,5624530,1687903,5628035,500,655.35,655.35,-0.01,HOME
00:A0:50:1A:D6:A3 - AirifyW4,28-05-2020 04:52:26,500,0,174,0,2780904,5624693,1688366,5627810,500,655.35,655.35,-0.01,HOME
00:A0:50:1A:D6:A3 - AirifyW4,28-05-2020 04:52:47,500,0,174,0,2780904,5624693,1688366,5627810,500,655.35,655.35,-0.01,HOME
00:A0:50:1A:D6:A3 - AirifyW4,28-05-2020 04:53:08,500,0,174,0,2780904,5624693,1688366,5627810,500,655.35,655.35,-0.01,HOME
00:A0:50:1A:D6:A3 - AirifyW4,28-05-2020 04:53:29,500,0,174,0,2779366,5624349,1688426,5627072,500,655.35,655.35,-0.01,HOME
00:A0:50:1A:D6:A3 - AirifyW4,28-05-2020 04:53:50,500,0,174,0,2779366,5624349,1688426,5627072,500,655.35,655.35,-0.01,HOME
00:A0:50:1A:D6:A3 - AirifyW4,28-05-2020 04:54:11,500,0,174,0,2779366,5624349,1688426,5627072,500,655.35,655.35,-0.01,HOME
00:A0:50:1A:D6:A3 - AirifyW4,28-05-2020 04:54:32,500,0,181,0,2778678,5624494,1689115,5626777,500,655.35,655.35,-0.01,HOME
00:A0:50:1A:D6:A3 - AirifyW4,28-05-2020 04:54:53,500,0,181,0,2778678,5624494,1689115,5626777,500,655.35,655.35,-0.01,HOME
00:A0:50:1A:D6:A3 - AirifyW4,28-05-2020 04:55:14,500,0,181,0,2778678,5624494,1689115,5626777,500,655.35,655.35,-0.01,HOME
00:A0:50:1A:D6:A3 - AirifyW4,28-05-2020 04:55:35,500,0,179,0,2778246,5624666,1688974,5626099,500,655.35,655.35,-0.01,HOME
00:A0:50:1A:D6:A3 - AirifyW4,28-05-2020 04:55:56,500,0,179,0,2778246,5624666,1688974,5626099,500,655.35,655.35,-0.01,HOME
00:A0:50:1A:D6:A3 - AirifyW4,28-05-2020 04:56:17,500,0,179,0,2778246,5624666,1688974,5626099,500,655.35,655.35,-0.01,HOME
00:A0:50:1A:D6:A3 - AirifyW4,28-05-2020 04:56:38,500,0,179,0,2778193,5624618,1688946,5626102,500,655.35,655.35,-0.01,HOME
00:A0:50:1A:D6:A3 - AirifyW4,28-05-2020 04:56:59,500,0,179,0,2778193,5624618,1688946,5626102,500,655.35,655.35,-0.01,HOME
00:A0:50:1A:D6:A3 - AirifyW4,28-05-2020 04:57:20,500,0,179,0,2778193,5624618,1688946,5626102,500,655.35,655.35,-0.01,HOME
00:A0:50:1A:D6:A3 - AirifyW4,28-05-2020 04:57:41,500,0,188,0,2777846,5624650,1689915,5626081,500,655.35,655.35,-0.01,HOME
00:A0:50:1A:D6:A3 - AirifyW4,28-05-2020 04:58:02,500,0,188,0,2777846,5624650,1689915,5626081,500,655.35,655.35,-0.01,HOME
00:A0:50:1A:D6:A3 - AirifyW4,28-05-2020 04:58:23,500,0,188,0,2777846,5624650,1689915,5626081,500,655.35,655.35,-0.01,HOME
00:A0:50:1A:D6:A3 - AirifyW4,28-05-2020 04:58:44,500,0,195,0,2777164,5624320,1690620,5625794,500,655.35,655.35,-0.01,HOME
00:A0:50:1A:D6:A3 - AirifyW4,28-05-2020 04:59:06,500,0,195,0,2777164,5624320,1690620,5625794,500,655.35,655.35,-0.01,HOME
00:A0:50:1A:D6:A3 - AirifyW4,28-05-2020 04:59:27,500,0,195,0,2777164,5624320,1690620,5625794,500,655.35,655.35,-0.01,HOME
00:A0:50:1A:D6:A3 - AirifyW4,28-05-2020 04:59:48,500,0,190,0,2776897,5624052,1690123,5626448,500,655.35,655.35,-0.01,HOME
00:A0:50:1A:D6:A3 - AirifyW4,28-05-2020 05:00:09,500,0,190,0,2776897,5624052,1690123,5626448,500,655.35,655.35,-0.01,HOME
00:A0:50:1A:D6:A3 - AirifyW4,28-05-2020 05:00:30,500,0,190,0,2776897,5624052,1690123,5626448,500,655.35,655.35,-0.01,HOME
00:A0:50:1A:D6:A3 - AirifyW4,28-05-2020 05:00:51,500,0,191,0,2776165,5624149,1690243,5626795,500,655.35,655.35,-0.01,HOME
00:A0:50:1A:D6:A3 - AirifyW4,28-05-2020 05:01:12,500,0,191,0,2776165,5624149,1690243,5626795,500,655.35,655.35,-0.01,HOME
00:A0:50:1A:D6:A3 - AirifyW4,28-05-2020 05:01:33,500,0,191,0,2776165,5624149,1690243,5626795,500,655.35,655.35,-0.01,HOME
00:A0:50:1A:D6:A3 - AirifyW4,28-05-2020 05:01:54,500,0,190,0,2776223,5624195,1690106,5626522,500,655.35,655.35,-0.01,HOME
00:A0:50:1A:D6:A3 - AirifyW4,28-05-2020 05:02:15,500,0,190,0,2776223,5624195,1690106,5626522,500,655.35,655.35,-0.01,HOME
00:A0:50:1A:D6:A3 - AirifyW4,28-05-2020 05:02:36,500,0,190,0,2776223,5624195,1690106,5626522,500,655.35,655.35,-0.01,HOME
00:A0:50:1A:D6:A3 - AirifyW4,28-05-2020 05:02:57,500,0,193,0,2775638,5624319,1690421,5626743,500,655.35,655.35,-0.01,HOME
00:A0:50:1A:D6:A3 - AirifyW4,28-05-2020 05:03:18,500,0,193,0,2775638,5624319,1690421,5626743,500,655.35,655.35,-0.01,HOME
00:A0:50:1A:D6:A3 - AirifyW4,28-05-2020 05:03:39,500,0,193,0,2775638,5624319,1690421,5626743,500,655.35,655.35,-0.01,HOME
00:A0:50:1A:D6:A3 - AirifyW4,28-05-2020 05:04:00,500,0,193,0,2775638,5624319,1690421,5626743,500,655.35,655.35,-0.01,HOME
00:A0:50:1A:D6:A3 - AirifyW4,28-05-2020 05:04:21,500,0,193,0,2775638,5624319,1690421,5626743,500,655.35,655.35,-0.01,HOME
00:A0:50:1A:D6:A3 - AirifyW4,28-05-2020 05:04:42,500,0,193,0,2775638,5624319,1690421,5626743,500,655.35,655.35,-0.01,HOME
00:A0:50:1A:D6:A3 - AirifyW4,28-05-2020 05:05:04,500,0,186,0,2774608,5624371,1689624,5626762,500,655.35,655.35,-0.01,HOME
00:A0:50:1A:D6:A3 - AirifyW4,28-05-2020 05:05:25,500,0,186,0,2774608,5624371,1689624,5626762,500,655.35,655.35,-0.01,HOME
00:A0:50:1A:D6:A3 - AirifyW4,28-05-2020 05:05:46,500,0,186,0,2774608,5624371,1689624,5626762,500,655.35,655.35,-0.01,HOME
00:A0:50:1A:D6:A3 - AirifyW4,28-05-2020 05:06:07,500,0,185,0,2773645,5624623,1689522,5626945,500,655.35,655.35,-0.01,HOME
00:A0:50:1A:D6:A3 - AirifyW4,28-05-2020 05:06:28,500,0,185,0,2773645,5624623,1689522,5626945,500,655.35,655.35,-0.01,HOME
00:A0:50:1A:D6:A3 - AirifyW4,28-05-2020 05:06:49,500,0,185,0,2773645,5624623,1689522,5626945,500,655.35,655.35,-0.01,HOME
00:A0:50:1A:D6:A3 - AirifyW4,28-05-2020 05:07:10,500,0,186,0,2773033,5624792,1689654,5626724,500,655.35,655.35,-0.01,HOME
00:A0:50:1A:D6:A3 - AirifyW4,28-05-2020 05:07:31,500,0,186,0,2773033,5624792,1689654,5626724,500,655.35,655.35,-0.01,HOME
00:A0:50:1A:D6:A3 - AirifyW4,28-05-2020 05:07:52,500,0,186,0,2773033,5624792,1689654,5626724,500,655.35,655.35,-0.01,HOME
00:A0:50:1A:D6:A3 - AirifyW4,28-05-2020 05:08:13,500,0,193,0,2772353,5624758,1690456,5626366,500,655.35,655.35,-0.01,HOME
00:A0:50:1A:D6:A3 - AirifyW4,28-05-2020 05:08:34,500,0,193,0,2772353,5624758,1690456,5626366,500,655.35,655.35,-0.01,HOME
00:A0:50:1A:D6:A3 - AirifyW4,28-05-2020 05:08:55,500,0,193,0,2772353,5624758,1690456,5626366,500,655.35,655.35,-0.01,HOME
00:A0:50:1A:D6:A3 - AirifyW4,28-05-2020 05:09:16,500,0,187,0,2771733,5624846,1689815,5626378,500,655.35,655.35,-0.01,HOME
00:A0:50:1A:D6:A3 - AirifyW4,28-05-2020 05:09:37,500,0,187,0,2771733,5624846,1689815,5626378,500,655.35,655.35,-0.01,HOME
00:A0:50:1A:D6:A3 - AirifyW4,28-05-2020 05:09:58,500,0,187,0,2771733,5624846,1689815,5626378,500,655.35,655.35,-0.01,HOME
00:A0:50:1A:D6:A3 - AirifyW4,28-05-2020 05:10:19,500,0,187,0,2771733,5624846,1689815,5626378,500,655.35,655.35,-0.01,HOME
00:A0:50:1A:D6:A3 - AirifyW4,28-05-2020 05:10:40,500,0,172,0,2770758,5624746,1688152,5627085,500,655.35,655.35,-0.01,HOME
00:A0:50:1A:D6:A3 - AirifyW4,28-05-2020 05:11:01,500,0,172,0,2770758,5624746,1688152,5627085,500,655.35,655.35,-0.01,HOME
00:A0:50:1A:D6:A3 - AirifyW4,28-05-2020 05:11:22,500,0,172,0,2770758,5624746,1688152,5627085,500,655.35,655.35,-0.01,HOME
00:A0:50:1A:D6:A3 - AirifyW4,28-05-2020 05:11:43,500,0,169,0,2769671,5625226,1687922,5627700,500,655.35,655.35,-0.01,HOME
00:A0:50:1A:D6:A3 - AirifyW4,28-05-2020 05:12:04,500,0,169,0,2769671,5625226,1687922,5627700,500,655.35,655.35,-0.01,HOME